"","file_name","number_of_clusers_with_p_less_than_0.05","lowest_p_value"
"1","perm_1_Summary.of.stats_Random.Group.Allocation.csv",15,0.00073451321401625
"2","perm_10_Summary.of.stats_Random.Group.Allocation.csv",30,2.10340534273901e-05
"3","perm_100_Summary.of.stats_Random.Group.Allocation.csv",25,0.00256419142261498
"4","perm_1000_Summary.of.stats_Random.Group.Allocation.csv",26,1.44387709109525e-05
"5","perm_101_Summary.of.stats_Random.Group.Allocation.csv",10,0.00826541204546085
"6","perm_102_Summary.of.stats_Random.Group.Allocation.csv",18,8.57429170226311e-05
"7","perm_103_Summary.of.stats_Random.Group.Allocation.csv",31,5.47340508954015e-05
"8","perm_104_Summary.of.stats_Random.Group.Allocation.csv",23,0.000651602442758862
"9","perm_105_Summary.of.stats_Random.Group.Allocation.csv",24,0.000308698276246517
"10","perm_106_Summary.of.stats_Random.Group.Allocation.csv",15,0.00109395780420293
"11","perm_107_Summary.of.stats_Random.Group.Allocation.csv",24,0.00135326375743405
"12","perm_108_Summary.of.stats_Random.Group.Allocation.csv",25,0.000201801922773622
"13","perm_109_Summary.of.stats_Random.Group.Allocation.csv",22,0.000362462189902602
"14","perm_11_Summary.of.stats_Random.Group.Allocation.csv",15,0.00521856812615215
"15","perm_110_Summary.of.stats_Random.Group.Allocation.csv",21,0.000882914967534452
"16","perm_111_Summary.of.stats_Random.Group.Allocation.csv",16,0.0015640124688361
"17","perm_112_Summary.of.stats_Random.Group.Allocation.csv",26,1.98780489972399e-05
"18","perm_113_Summary.of.stats_Random.Group.Allocation.csv",16,0.000854962548568377
"19","perm_114_Summary.of.stats_Random.Group.Allocation.csv",20,9.96393185376131e-05
"20","perm_115_Summary.of.stats_Random.Group.Allocation.csv",23,0.0017081676783247
"21","perm_116_Summary.of.stats_Random.Group.Allocation.csv",22,0.000554583856775131
"22","perm_117_Summary.of.stats_Random.Group.Allocation.csv",23,0.000632922484370645
"23","perm_118_Summary.of.stats_Random.Group.Allocation.csv",35,0.000788395395670921
"24","perm_119_Summary.of.stats_Random.Group.Allocation.csv",15,0.00395341557175484
"25","perm_12_Summary.of.stats_Random.Group.Allocation.csv",21,0.000133234925543623
"26","perm_120_Summary.of.stats_Random.Group.Allocation.csv",17,0.00706547694002111
"27","perm_121_Summary.of.stats_Random.Group.Allocation.csv",18,0.002375716154404
"28","perm_122_Summary.of.stats_Random.Group.Allocation.csv",27,0.00020573221904778
"29","perm_123_Summary.of.stats_Random.Group.Allocation.csv",15,0.00783494542565841
"30","perm_124_Summary.of.stats_Random.Group.Allocation.csv",30,6.29455717082119e-05
"31","perm_125_Summary.of.stats_Random.Group.Allocation.csv",20,7.58435520160307e-05
"32","perm_126_Summary.of.stats_Random.Group.Allocation.csv",21,0.00124040931107206
"33","perm_127_Summary.of.stats_Random.Group.Allocation.csv",25,0.00318823693573215
"34","perm_128_Summary.of.stats_Random.Group.Allocation.csv",21,0.00137627403419588
"35","perm_129_Summary.of.stats_Random.Group.Allocation.csv",21,0.000382787489555822
"36","perm_13_Summary.of.stats_Random.Group.Allocation.csv",20,0.000472952364687194
"37","perm_130_Summary.of.stats_Random.Group.Allocation.csv",20,2.37949535480516e-05
"38","perm_131_Summary.of.stats_Random.Group.Allocation.csv",29,0.000832151616201733
"39","perm_132_Summary.of.stats_Random.Group.Allocation.csv",33,3.8028344617659e-06
"40","perm_133_Summary.of.stats_Random.Group.Allocation.csv",28,0.000413149000191149
"41","perm_134_Summary.of.stats_Random.Group.Allocation.csv",30,0.00438027551276759
"42","perm_135_Summary.of.stats_Random.Group.Allocation.csv",17,8.02559130826729e-05
"43","perm_136_Summary.of.stats_Random.Group.Allocation.csv",18,0.000122453414253748
"44","perm_137_Summary.of.stats_Random.Group.Allocation.csv",31,0.00076856880564536
"45","perm_138_Summary.of.stats_Random.Group.Allocation.csv",24,0.00142967476729781
"46","perm_139_Summary.of.stats_Random.Group.Allocation.csv",25,0.00144911917733639
"47","perm_14_Summary.of.stats_Random.Group.Allocation.csv",18,0.000441673291802342
"48","perm_140_Summary.of.stats_Random.Group.Allocation.csv",22,0.00074135394077034
"49","perm_141_Summary.of.stats_Random.Group.Allocation.csv",35,5.48231391287944e-05
"50","perm_142_Summary.of.stats_Random.Group.Allocation.csv",16,0.00103450557191633
"51","perm_143_Summary.of.stats_Random.Group.Allocation.csv",20,0.00102778157211483
"52","perm_144_Summary.of.stats_Random.Group.Allocation.csv",27,0.000983017594099905
"53","perm_145_Summary.of.stats_Random.Group.Allocation.csv",25,0.00170490609019263
"54","perm_146_Summary.of.stats_Random.Group.Allocation.csv",18,0.000323955135076631
"55","perm_147_Summary.of.stats_Random.Group.Allocation.csv",13,0.00359531073576541
"56","perm_148_Summary.of.stats_Random.Group.Allocation.csv",18,2.50898078188807e-05
"57","perm_149_Summary.of.stats_Random.Group.Allocation.csv",25,0.00117164397984225
"58","perm_15_Summary.of.stats_Random.Group.Allocation.csv",19,0.000232241732262693
"59","perm_150_Summary.of.stats_Random.Group.Allocation.csv",29,8.03459416276887e-05
"60","perm_151_Summary.of.stats_Random.Group.Allocation.csv",21,0.000221066783741798
"61","perm_152_Summary.of.stats_Random.Group.Allocation.csv",22,1.21603548262409e-05
"62","perm_153_Summary.of.stats_Random.Group.Allocation.csv",24,4.20351613164539e-05
"63","perm_154_Summary.of.stats_Random.Group.Allocation.csv",25,0.00152567691448084
"64","perm_155_Summary.of.stats_Random.Group.Allocation.csv",29,0.000536022580915215
"65","perm_156_Summary.of.stats_Random.Group.Allocation.csv",13,0.000631353221744022
"66","perm_157_Summary.of.stats_Random.Group.Allocation.csv",16,0.000362462189902602
"67","perm_158_Summary.of.stats_Random.Group.Allocation.csv",18,0.000665891040867721
"68","perm_159_Summary.of.stats_Random.Group.Allocation.csv",26,4.8741804644832e-05
"69","perm_16_Summary.of.stats_Random.Group.Allocation.csv",24,0.00033135174210597
"70","perm_160_Summary.of.stats_Random.Group.Allocation.csv",21,0.000208307364318392
"71","perm_161_Summary.of.stats_Random.Group.Allocation.csv",16,0.000417611464134507
"72","perm_162_Summary.of.stats_Random.Group.Allocation.csv",31,1.32667488486065e-05
"73","perm_163_Summary.of.stats_Random.Group.Allocation.csv",16,2.29156536207132e-05
"74","perm_164_Summary.of.stats_Random.Group.Allocation.csv",19,0.00319838284975135
"75","perm_165_Summary.of.stats_Random.Group.Allocation.csv",18,0.00138048247558485
"76","perm_166_Summary.of.stats_Random.Group.Allocation.csv",23,1.41002739566335e-06
"77","perm_167_Summary.of.stats_Random.Group.Allocation.csv",26,0.000349325183259131
"78","perm_168_Summary.of.stats_Random.Group.Allocation.csv",25,0.00144680341095236
"79","perm_169_Summary.of.stats_Random.Group.Allocation.csv",25,0.000240481222248879
"80","perm_17_Summary.of.stats_Random.Group.Allocation.csv",28,0.000236067653977275
"81","perm_170_Summary.of.stats_Random.Group.Allocation.csv",14,0.000263330265523212
"82","perm_171_Summary.of.stats_Random.Group.Allocation.csv",16,0.000381507050039881
"83","perm_172_Summary.of.stats_Random.Group.Allocation.csv",28,0.000232241732262693
"84","perm_173_Summary.of.stats_Random.Group.Allocation.csv",31,8.8907400420011e-05
"85","perm_174_Summary.of.stats_Random.Group.Allocation.csv",19,0.00194613185938538
"86","perm_175_Summary.of.stats_Random.Group.Allocation.csv",23,5.19464597104718e-05
"87","perm_176_Summary.of.stats_Random.Group.Allocation.csv",25,0.000133251126471956
"88","perm_177_Summary.of.stats_Random.Group.Allocation.csv",30,6.60924171663416e-05
"89","perm_178_Summary.of.stats_Random.Group.Allocation.csv",17,0.000372986870605891
"90","perm_179_Summary.of.stats_Random.Group.Allocation.csv",21,0.00053598619954546
"91","perm_18_Summary.of.stats_Random.Group.Allocation.csv",11,0.00102202379011227
"92","perm_180_Summary.of.stats_Random.Group.Allocation.csv",28,1.44577914286504e-05
"93","perm_181_Summary.of.stats_Random.Group.Allocation.csv",23,0.000143884645600848
"94","perm_182_Summary.of.stats_Random.Group.Allocation.csv",18,0.000173637895137398
"95","perm_183_Summary.of.stats_Random.Group.Allocation.csv",26,0.000104633896462034
"96","perm_184_Summary.of.stats_Random.Group.Allocation.csv",15,0.000807878574288019
"97","perm_185_Summary.of.stats_Random.Group.Allocation.csv",17,0.00473527843374424
"98","perm_186_Summary.of.stats_Random.Group.Allocation.csv",27,8.57429170226311e-05
"99","perm_187_Summary.of.stats_Random.Group.Allocation.csv",30,0.0019659301009557
"100","perm_188_Summary.of.stats_Random.Group.Allocation.csv",17,0.00101940343535326
"101","perm_189_Summary.of.stats_Random.Group.Allocation.csv",21,3.39744818998475e-05
"102","perm_19_Summary.of.stats_Random.Group.Allocation.csv",26,0.000590394301925971
"103","perm_190_Summary.of.stats_Random.Group.Allocation.csv",25,0.000321474457921375
"104","perm_191_Summary.of.stats_Random.Group.Allocation.csv",31,0.000694619591373503
"105","perm_192_Summary.of.stats_Random.Group.Allocation.csv",17,0.00102778157211483
"106","perm_193_Summary.of.stats_Random.Group.Allocation.csv",19,0.000320360357971595
"107","perm_194_Summary.of.stats_Random.Group.Allocation.csv",12,0.0013749032123139
"108","perm_195_Summary.of.stats_Random.Group.Allocation.csv",27,0.00116577303549582
"109","perm_196_Summary.of.stats_Random.Group.Allocation.csv",24,8.57429170226311e-05
"110","perm_197_Summary.of.stats_Random.Group.Allocation.csv",25,9.55453058679944e-05
"111","perm_198_Summary.of.stats_Random.Group.Allocation.csv",17,0.000899032169137986
"112","perm_199_Summary.of.stats_Random.Group.Allocation.csv",28,4.97893731413481e-05
"113","perm_2_Summary.of.stats_Random.Group.Allocation.csv",26,0.000451556867793594
"114","perm_20_Summary.of.stats_Random.Group.Allocation.csv",28,4.48063099146105e-05
"115","perm_200_Summary.of.stats_Random.Group.Allocation.csv",31,5.30707503586143e-05
"116","perm_201_Summary.of.stats_Random.Group.Allocation.csv",19,0.00297552476239956
"117","perm_202_Summary.of.stats_Random.Group.Allocation.csv",13,0.00569288817698723
"118","perm_203_Summary.of.stats_Random.Group.Allocation.csv",14,0.00354210942091532
"119","perm_204_Summary.of.stats_Random.Group.Allocation.csv",22,0.00438883627692093
"120","perm_205_Summary.of.stats_Random.Group.Allocation.csv",25,1.46417126227117e-05
"121","perm_206_Summary.of.stats_Random.Group.Allocation.csv",30,4.09608562943328e-05
"122","perm_207_Summary.of.stats_Random.Group.Allocation.csv",21,7.26406214293113e-05
"123","perm_208_Summary.of.stats_Random.Group.Allocation.csv",24,0.000146178067237244
"124","perm_209_Summary.of.stats_Random.Group.Allocation.csv",21,6.40259381825372e-05
"125","perm_21_Summary.of.stats_Random.Group.Allocation.csv",23,3.21729256586751e-05
"126","perm_210_Summary.of.stats_Random.Group.Allocation.csv",15,0.000194451111324413
"127","perm_211_Summary.of.stats_Random.Group.Allocation.csv",30,0.000123265155331373
"128","perm_212_Summary.of.stats_Random.Group.Allocation.csv",24,1.71429988103734e-05
"129","perm_213_Summary.of.stats_Random.Group.Allocation.csv",24,0.000226863893474728
"130","perm_214_Summary.of.stats_Random.Group.Allocation.csv",16,0.000998788697926945
"131","perm_215_Summary.of.stats_Random.Group.Allocation.csv",22,0.000447224986714178
"132","perm_216_Summary.of.stats_Random.Group.Allocation.csv",27,0.000232241732262693
"133","perm_217_Summary.of.stats_Random.Group.Allocation.csv",27,0.00198266460921236
"134","perm_218_Summary.of.stats_Random.Group.Allocation.csv",29,1.63359904920799e-05
"135","perm_219_Summary.of.stats_Random.Group.Allocation.csv",24,0.00337019456671108
"136","perm_22_Summary.of.stats_Random.Group.Allocation.csv",20,0.00275495651738427
"137","perm_220_Summary.of.stats_Random.Group.Allocation.csv",27,0.000405579069552243
"138","perm_221_Summary.of.stats_Random.Group.Allocation.csv",22,0.000230421225339537
"139","perm_222_Summary.of.stats_Random.Group.Allocation.csv",15,9.98304630728725e-05
"140","perm_223_Summary.of.stats_Random.Group.Allocation.csv",30,0.000106292467128337
"141","perm_224_Summary.of.stats_Random.Group.Allocation.csv",19,0.00011425584135167
"142","perm_225_Summary.of.stats_Random.Group.Allocation.csv",34,5.90530483669575e-05
"143","perm_226_Summary.of.stats_Random.Group.Allocation.csv",23,0.000428807338141115
"144","perm_227_Summary.of.stats_Random.Group.Allocation.csv",28,3.0013114854317e-05
"145","perm_228_Summary.of.stats_Random.Group.Allocation.csv",24,0.00162742494790167
"146","perm_229_Summary.of.stats_Random.Group.Allocation.csv",26,0.000450130031448813
"147","perm_23_Summary.of.stats_Random.Group.Allocation.csv",14,3.99076457821309e-05
"148","perm_230_Summary.of.stats_Random.Group.Allocation.csv",18,0.00409959543491622
"149","perm_231_Summary.of.stats_Random.Group.Allocation.csv",28,0.00258612848727222
"150","perm_232_Summary.of.stats_Random.Group.Allocation.csv",24,6.2282978062557e-05
"151","perm_233_Summary.of.stats_Random.Group.Allocation.csv",21,0.000236512103505432
"152","perm_234_Summary.of.stats_Random.Group.Allocation.csv",35,0.000459471251564224
"153","perm_235_Summary.of.stats_Random.Group.Allocation.csv",17,0.00149440395455918
"154","perm_236_Summary.of.stats_Random.Group.Allocation.csv",14,0.000192439337849241
"155","perm_237_Summary.of.stats_Random.Group.Allocation.csv",24,0.000673523386478377
"156","perm_238_Summary.of.stats_Random.Group.Allocation.csv",30,1.71429988103734e-05
"157","perm_239_Summary.of.stats_Random.Group.Allocation.csv",13,0.00200749989158871
"158","perm_24_Summary.of.stats_Random.Group.Allocation.csv",19,0.00139768494101444
"159","perm_240_Summary.of.stats_Random.Group.Allocation.csv",19,0.00257805684434686
"160","perm_241_Summary.of.stats_Random.Group.Allocation.csv",24,1.42142126583052e-05
"161","perm_242_Summary.of.stats_Random.Group.Allocation.csv",24,0.000683377242816488
"162","perm_243_Summary.of.stats_Random.Group.Allocation.csv",32,2.3542457446873e-05
"163","perm_244_Summary.of.stats_Random.Group.Allocation.csv",24,0.000488153697223328
"164","perm_245_Summary.of.stats_Random.Group.Allocation.csv",27,3.65880532122216e-05
"165","perm_246_Summary.of.stats_Random.Group.Allocation.csv",24,0.00079467202023034
"166","perm_247_Summary.of.stats_Random.Group.Allocation.csv",21,2.52111161521895e-05
"167","perm_248_Summary.of.stats_Random.Group.Allocation.csv",26,0.001871237049716
"168","perm_249_Summary.of.stats_Random.Group.Allocation.csv",16,0.000945290161576038
"169","perm_25_Summary.of.stats_Random.Group.Allocation.csv",20,7.70641927898962e-05
"170","perm_250_Summary.of.stats_Random.Group.Allocation.csv",18,0.000233332536063883
"171","perm_251_Summary.of.stats_Random.Group.Allocation.csv",24,0.000260866245406197
"172","perm_252_Summary.of.stats_Random.Group.Allocation.csv",18,0.000297641864760293
"173","perm_253_Summary.of.stats_Random.Group.Allocation.csv",28,9.23676921190274e-05
"174","perm_254_Summary.of.stats_Random.Group.Allocation.csv",34,0.00051611393744663
"175","perm_255_Summary.of.stats_Random.Group.Allocation.csv",23,0.000936407368993087
"176","perm_256_Summary.of.stats_Random.Group.Allocation.csv",35,9.23676921190274e-05
"177","perm_257_Summary.of.stats_Random.Group.Allocation.csv",27,0.000152768939475307
"178","perm_258_Summary.of.stats_Random.Group.Allocation.csv",29,0.000440919690527783
"179","perm_259_Summary.of.stats_Random.Group.Allocation.csv",24,0.000186450662469105
"180","perm_26_Summary.of.stats_Random.Group.Allocation.csv",18,7.48418143713363e-05
"181","perm_260_Summary.of.stats_Random.Group.Allocation.csv",28,6.71970438051743e-05
"182","perm_261_Summary.of.stats_Random.Group.Allocation.csv",22,2.61319509288867e-05
"183","perm_262_Summary.of.stats_Random.Group.Allocation.csv",34,0.000328040350077491
"184","perm_263_Summary.of.stats_Random.Group.Allocation.csv",18,0.00274866928686319
"185","perm_264_Summary.of.stats_Random.Group.Allocation.csv",18,0.00193924280712487
"186","perm_265_Summary.of.stats_Random.Group.Allocation.csv",26,0.000506508004277552
"187","perm_266_Summary.of.stats_Random.Group.Allocation.csv",23,0.000357855766569601
"188","perm_267_Summary.of.stats_Random.Group.Allocation.csv",13,0.000305887132246554
"189","perm_268_Summary.of.stats_Random.Group.Allocation.csv",16,0.00166973772917832
"190","perm_269_Summary.of.stats_Random.Group.Allocation.csv",19,0.00178954087151456
"191","perm_27_Summary.of.stats_Random.Group.Allocation.csv",20,3.46458000104316e-05
"192","perm_270_Summary.of.stats_Random.Group.Allocation.csv",26,4.6317672118715e-05
"193","perm_271_Summary.of.stats_Random.Group.Allocation.csv",27,4.58630707602832e-05
"194","perm_272_Summary.of.stats_Random.Group.Allocation.csv",23,0.000811454851095509
"195","perm_273_Summary.of.stats_Random.Group.Allocation.csv",14,0.00088643672507158
"196","perm_274_Summary.of.stats_Random.Group.Allocation.csv",12,0.000348783154676982
"197","perm_275_Summary.of.stats_Random.Group.Allocation.csv",23,0.000355271239504086
"198","perm_276_Summary.of.stats_Random.Group.Allocation.csv",16,7.19972871979247e-06
"199","perm_277_Summary.of.stats_Random.Group.Allocation.csv",36,3.81315623912267e-06
"200","perm_278_Summary.of.stats_Random.Group.Allocation.csv",20,0.00203084385235235
"201","perm_279_Summary.of.stats_Random.Group.Allocation.csv",26,0.000586975496786911
"202","perm_28_Summary.of.stats_Random.Group.Allocation.csv",20,1.82044073693007e-05
"203","perm_280_Summary.of.stats_Random.Group.Allocation.csv",26,0.000969365665616996
"204","perm_281_Summary.of.stats_Random.Group.Allocation.csv",35,0.000102066147760071
"205","perm_282_Summary.of.stats_Random.Group.Allocation.csv",26,0.000382787489555822
"206","perm_283_Summary.of.stats_Random.Group.Allocation.csv",15,8.03354521575897e-05
"207","perm_284_Summary.of.stats_Random.Group.Allocation.csv",20,0.00152114069588201
"208","perm_285_Summary.of.stats_Random.Group.Allocation.csv",26,0.00299781197688423
"209","perm_286_Summary.of.stats_Random.Group.Allocation.csv",36,3.37560277648632e-05
"210","perm_287_Summary.of.stats_Random.Group.Allocation.csv",24,0.000157625740569813
"211","perm_288_Summary.of.stats_Random.Group.Allocation.csv",33,4.96622801811241e-06
"212","perm_289_Summary.of.stats_Random.Group.Allocation.csv",21,0.00173756765595467
"213","perm_29_Summary.of.stats_Random.Group.Allocation.csv",24,0.00214113020619851
"214","perm_290_Summary.of.stats_Random.Group.Allocation.csv",20,0.000307952215401863
"215","perm_291_Summary.of.stats_Random.Group.Allocation.csv",22,0.000167530582408904
"216","perm_292_Summary.of.stats_Random.Group.Allocation.csv",16,0.00139221890739441
"217","perm_293_Summary.of.stats_Random.Group.Allocation.csv",24,0.000533807727549517
"218","perm_294_Summary.of.stats_Random.Group.Allocation.csv",27,3.47389446665439e-06
"219","perm_295_Summary.of.stats_Random.Group.Allocation.csv",33,3.97865407668951e-05
"220","perm_296_Summary.of.stats_Random.Group.Allocation.csv",16,0.00572218268313798
"221","perm_297_Summary.of.stats_Random.Group.Allocation.csv",21,0.000358394140490968
"222","perm_298_Summary.of.stats_Random.Group.Allocation.csv",31,4.49512966232268e-05
"223","perm_299_Summary.of.stats_Random.Group.Allocation.csv",17,0.000443563932617908
"224","perm_3_Summary.of.stats_Random.Group.Allocation.csv",10,0.00252553572769334
"225","perm_30_Summary.of.stats_Random.Group.Allocation.csv",20,0.000390177193055658
"226","perm_300_Summary.of.stats_Random.Group.Allocation.csv",30,0.000138181385258218
"227","perm_301_Summary.of.stats_Random.Group.Allocation.csv",27,0.000536714277547581
"228","perm_302_Summary.of.stats_Random.Group.Allocation.csv",21,3.43926320841637e-05
"229","perm_303_Summary.of.stats_Random.Group.Allocation.csv",23,0.000349821798334937
"230","perm_304_Summary.of.stats_Random.Group.Allocation.csv",22,0.0019659301009557
"231","perm_305_Summary.of.stats_Random.Group.Allocation.csv",14,0.000267587099939429
"232","perm_306_Summary.of.stats_Random.Group.Allocation.csv",18,0.00393571244199663
"233","perm_307_Summary.of.stats_Random.Group.Allocation.csv",18,0.000410767867493102
"234","perm_308_Summary.of.stats_Random.Group.Allocation.csv",25,3.45692822968189e-05
"235","perm_309_Summary.of.stats_Random.Group.Allocation.csv",20,0.000372986870605891
"236","perm_31_Summary.of.stats_Random.Group.Allocation.csv",26,0.000399220497683508
"237","perm_310_Summary.of.stats_Random.Group.Allocation.csv",21,2.74726143905038e-07
"238","perm_311_Summary.of.stats_Random.Group.Allocation.csv",19,0.000899032169137986
"239","perm_312_Summary.of.stats_Random.Group.Allocation.csv",29,0.000454077336372353
"240","perm_313_Summary.of.stats_Random.Group.Allocation.csv",30,0.000626071811516389
"241","perm_314_Summary.of.stats_Random.Group.Allocation.csv",15,0.000100955514257497
"242","perm_315_Summary.of.stats_Random.Group.Allocation.csv",27,0.000651145444284935
"243","perm_316_Summary.of.stats_Random.Group.Allocation.csv",4,0.0200961317483384
"244","perm_317_Summary.of.stats_Random.Group.Allocation.csv",23,0.000792388306131402
"245","perm_318_Summary.of.stats_Random.Group.Allocation.csv",15,0.00229811391942061
"246","perm_319_Summary.of.stats_Random.Group.Allocation.csv",20,7.71066784802198e-05
"247","perm_32_Summary.of.stats_Random.Group.Allocation.csv",18,0.000396325653476515
"248","perm_320_Summary.of.stats_Random.Group.Allocation.csv",18,0.000776469548032619
"249","perm_321_Summary.of.stats_Random.Group.Allocation.csv",22,3.16646698573992e-05
"250","perm_322_Summary.of.stats_Random.Group.Allocation.csv",13,0.00091342904747145
"251","perm_323_Summary.of.stats_Random.Group.Allocation.csv",20,0.000140287838416246
"252","perm_324_Summary.of.stats_Random.Group.Allocation.csv",20,0.0028643941597469
"253","perm_325_Summary.of.stats_Random.Group.Allocation.csv",11,0.000601362133539582
"254","perm_326_Summary.of.stats_Random.Group.Allocation.csv",17,0.00214011178076467
"255","perm_327_Summary.of.stats_Random.Group.Allocation.csv",35,9.8764626794775e-06
"256","perm_328_Summary.of.stats_Random.Group.Allocation.csv",36,7.11299521357724e-07
"257","perm_329_Summary.of.stats_Random.Group.Allocation.csv",18,0.000208307364318392
"258","perm_33_Summary.of.stats_Random.Group.Allocation.csv",21,0.000418260233112681
"259","perm_330_Summary.of.stats_Random.Group.Allocation.csv",19,1.04696312144189e-05
"260","perm_331_Summary.of.stats_Random.Group.Allocation.csv",39,0.000204817196317055
"261","perm_332_Summary.of.stats_Random.Group.Allocation.csv",34,4.48063099146105e-05
"262","perm_333_Summary.of.stats_Random.Group.Allocation.csv",16,2.41352628653764e-05
"263","perm_334_Summary.of.stats_Random.Group.Allocation.csv",35,7.93304217986531e-05
"264","perm_335_Summary.of.stats_Random.Group.Allocation.csv",22,0.00011554315878647
"265","perm_336_Summary.of.stats_Random.Group.Allocation.csv",19,8.56675936686659e-05
"266","perm_337_Summary.of.stats_Random.Group.Allocation.csv",18,4.8741804644832e-05
"267","perm_338_Summary.of.stats_Random.Group.Allocation.csv",22,5.16642836879523e-05
"268","perm_339_Summary.of.stats_Random.Group.Allocation.csv",25,6.30811630162674e-05
"269","perm_34_Summary.of.stats_Random.Group.Allocation.csv",28,7.9076933401e-05
"270","perm_340_Summary.of.stats_Random.Group.Allocation.csv",25,0.000170541423872073
"271","perm_341_Summary.of.stats_Random.Group.Allocation.csv",23,0.000792388306131402
"272","perm_342_Summary.of.stats_Random.Group.Allocation.csv",22,0.000360532514202891
"273","perm_343_Summary.of.stats_Random.Group.Allocation.csv",17,0.000322466232984973
"274","perm_344_Summary.of.stats_Random.Group.Allocation.csv",39,0.000680788935571885
"275","perm_345_Summary.of.stats_Random.Group.Allocation.csv",24,0.000373051334944926
"276","perm_346_Summary.of.stats_Random.Group.Allocation.csv",23,0.000742221002510692
"277","perm_347_Summary.of.stats_Random.Group.Allocation.csv",15,0.000346207897990389
"278","perm_348_Summary.of.stats_Random.Group.Allocation.csv",25,0.000128887485369179
"279","perm_349_Summary.of.stats_Random.Group.Allocation.csv",28,0.000967134648284981
"280","perm_35_Summary.of.stats_Random.Group.Allocation.csv",28,0.000315606957836013
"281","perm_350_Summary.of.stats_Random.Group.Allocation.csv",22,0.000131395832964964
"282","perm_351_Summary.of.stats_Random.Group.Allocation.csv",18,7.5462030123618e-05
"283","perm_352_Summary.of.stats_Random.Group.Allocation.csv",31,0.000155954441812732
"284","perm_353_Summary.of.stats_Random.Group.Allocation.csv",22,0.000676752511459488
"285","perm_354_Summary.of.stats_Random.Group.Allocation.csv",17,0.000624127860642163
"286","perm_355_Summary.of.stats_Random.Group.Allocation.csv",25,0.000112137448115535
"287","perm_356_Summary.of.stats_Random.Group.Allocation.csv",26,7.82276158168448e-05
"288","perm_357_Summary.of.stats_Random.Group.Allocation.csv",19,0.0017997530914545
"289","perm_358_Summary.of.stats_Random.Group.Allocation.csv",12,0.00016836436254308
"290","perm_359_Summary.of.stats_Random.Group.Allocation.csv",15,0.0010360156045509
"291","perm_36_Summary.of.stats_Random.Group.Allocation.csv",11,0.000210548514161916
"292","perm_360_Summary.of.stats_Random.Group.Allocation.csv",25,0.000314098121115923
"293","perm_361_Summary.of.stats_Random.Group.Allocation.csv",22,0.000322466232984973
"294","perm_362_Summary.of.stats_Random.Group.Allocation.csv",22,8.48433004439314e-05
"295","perm_363_Summary.of.stats_Random.Group.Allocation.csv",30,4.79322537870584e-05
"296","perm_364_Summary.of.stats_Random.Group.Allocation.csv",24,2.24508327469465e-05
"297","perm_365_Summary.of.stats_Random.Group.Allocation.csv",18,0.00141748210976213
"298","perm_366_Summary.of.stats_Random.Group.Allocation.csv",20,0.000206876064306325
"299","perm_367_Summary.of.stats_Random.Group.Allocation.csv",18,0.00297833723428581
"300","perm_368_Summary.of.stats_Random.Group.Allocation.csv",13,0.000753030215316561
"301","perm_369_Summary.of.stats_Random.Group.Allocation.csv",17,0.000114401822954541
"302","perm_37_Summary.of.stats_Random.Group.Allocation.csv",23,0.000208307364318392
"303","perm_370_Summary.of.stats_Random.Group.Allocation.csv",24,0.000774267678713354
"304","perm_371_Summary.of.stats_Random.Group.Allocation.csv",30,0.00267324704806002
"305","perm_372_Summary.of.stats_Random.Group.Allocation.csv",21,9.80497470125464e-05
"306","perm_373_Summary.of.stats_Random.Group.Allocation.csv",31,1.44387709109525e-05
"307","perm_374_Summary.of.stats_Random.Group.Allocation.csv",25,0.000302994624861994
"308","perm_375_Summary.of.stats_Random.Group.Allocation.csv",29,0.00111870629509142
"309","perm_376_Summary.of.stats_Random.Group.Allocation.csv",27,0.000477796581228865
"310","perm_377_Summary.of.stats_Random.Group.Allocation.csv",22,0.00181096089106592
"311","perm_378_Summary.of.stats_Random.Group.Allocation.csv",10,0.00019186935481618
"312","perm_379_Summary.of.stats_Random.Group.Allocation.csv",15,0.0012504809653194
"313","perm_38_Summary.of.stats_Random.Group.Allocation.csv",24,0.00266110759483741
"314","perm_380_Summary.of.stats_Random.Group.Allocation.csv",20,0.00242982826617682
"315","perm_381_Summary.of.stats_Random.Group.Allocation.csv",14,0.000216304592172625
"316","perm_382_Summary.of.stats_Random.Group.Allocation.csv",34,3.92511937600693e-07
"317","perm_383_Summary.of.stats_Random.Group.Allocation.csv",29,0.000210928715509694
"318","perm_384_Summary.of.stats_Random.Group.Allocation.csv",21,0.000903781440967043
"319","perm_385_Summary.of.stats_Random.Group.Allocation.csv",10,0.00342734557361493
"320","perm_386_Summary.of.stats_Random.Group.Allocation.csv",18,0.000230126756500728
"321","perm_387_Summary.of.stats_Random.Group.Allocation.csv",23,0.000213145084371913
"322","perm_388_Summary.of.stats_Random.Group.Allocation.csv",24,4.10287526395294e-05
"323","perm_389_Summary.of.stats_Random.Group.Allocation.csv",21,0.00290835574781988
"324","perm_39_Summary.of.stats_Random.Group.Allocation.csv",24,4.46369891879825e-05
"325","perm_390_Summary.of.stats_Random.Group.Allocation.csv",25,0.000941456135246824
"326","perm_391_Summary.of.stats_Random.Group.Allocation.csv",23,0.000906513239151429
"327","perm_392_Summary.of.stats_Random.Group.Allocation.csv",16,0.00200201938845502
"328","perm_393_Summary.of.stats_Random.Group.Allocation.csv",33,0.00111235912120588
"329","perm_394_Summary.of.stats_Random.Group.Allocation.csv",19,0.0036037964885136
"330","perm_395_Summary.of.stats_Random.Group.Allocation.csv",35,0.000208307364318392
"331","perm_396_Summary.of.stats_Random.Group.Allocation.csv",10,0.000315606957836013
"332","perm_397_Summary.of.stats_Random.Group.Allocation.csv",29,0.000861641682612972
"333","perm_398_Summary.of.stats_Random.Group.Allocation.csv",16,0.000479410927018334
"334","perm_399_Summary.of.stats_Random.Group.Allocation.csv",19,0.00327914044443308
"335","perm_4_Summary.of.stats_Random.Group.Allocation.csv",21,3.28967607720371e-06
"336","perm_40_Summary.of.stats_Random.Group.Allocation.csv",22,5.81647714662684e-05
"337","perm_400_Summary.of.stats_Random.Group.Allocation.csv",18,3.28317258528919e-05
"338","perm_401_Summary.of.stats_Random.Group.Allocation.csv",23,2.47704687976932e-05
"339","perm_402_Summary.of.stats_Random.Group.Allocation.csv",33,0.00437205967193257
"340","perm_403_Summary.of.stats_Random.Group.Allocation.csv",21,0.00175935518065042
"341","perm_404_Summary.of.stats_Random.Group.Allocation.csv",12,0.00176972071567556
"342","perm_405_Summary.of.stats_Random.Group.Allocation.csv",24,0.000295272736911879
"343","perm_406_Summary.of.stats_Random.Group.Allocation.csv",23,0.00111235912120588
"344","perm_407_Summary.of.stats_Random.Group.Allocation.csv",16,0.00037193639915791
"345","perm_408_Summary.of.stats_Random.Group.Allocation.csv",25,0.000219632885031694
"346","perm_409_Summary.of.stats_Random.Group.Allocation.csv",26,0.00178640702327306
"347","perm_41_Summary.of.stats_Random.Group.Allocation.csv",23,9.79789516797615e-05
"348","perm_410_Summary.of.stats_Random.Group.Allocation.csv",24,0.000412565890545032
"349","perm_411_Summary.of.stats_Random.Group.Allocation.csv",16,0.00117784762300846
"350","perm_412_Summary.of.stats_Random.Group.Allocation.csv",14,2.66241430510636e-05
"351","perm_413_Summary.of.stats_Random.Group.Allocation.csv",25,0.000116558477333861
"352","perm_414_Summary.of.stats_Random.Group.Allocation.csv",19,0.00132398211300127
"353","perm_415_Summary.of.stats_Random.Group.Allocation.csv",17,0.00112668301780295
"354","perm_416_Summary.of.stats_Random.Group.Allocation.csv",25,0.000322466232984973
"355","perm_417_Summary.of.stats_Random.Group.Allocation.csv",34,0.000773287651880483
"356","perm_418_Summary.of.stats_Random.Group.Allocation.csv",27,0.000489504451936594
"357","perm_419_Summary.of.stats_Random.Group.Allocation.csv",21,7.71254366022014e-05
"358","perm_42_Summary.of.stats_Random.Group.Allocation.csv",20,9.23676921190274e-05
"359","perm_420_Summary.of.stats_Random.Group.Allocation.csv",25,0.00122135852668219
"360","perm_421_Summary.of.stats_Random.Group.Allocation.csv",31,6.52073774570975e-06
"361","perm_422_Summary.of.stats_Random.Group.Allocation.csv",20,0.00214968351712125
"362","perm_423_Summary.of.stats_Random.Group.Allocation.csv",22,0.000232241732262693
"363","perm_424_Summary.of.stats_Random.Group.Allocation.csv",32,0.000188937352840594
"364","perm_425_Summary.of.stats_Random.Group.Allocation.csv",11,0.00314217538236237
"365","perm_426_Summary.of.stats_Random.Group.Allocation.csv",14,0.00223924078588464
"366","perm_427_Summary.of.stats_Random.Group.Allocation.csv",15,0.000382787489555822
"367","perm_428_Summary.of.stats_Random.Group.Allocation.csv",25,0.000896457879276102
"368","perm_429_Summary.of.stats_Random.Group.Allocation.csv",27,6.43055358688931e-06
"369","perm_43_Summary.of.stats_Random.Group.Allocation.csv",20,0.000462165990819037
"370","perm_430_Summary.of.stats_Random.Group.Allocation.csv",35,2.52131685888459e-05
"371","perm_431_Summary.of.stats_Random.Group.Allocation.csv",28,3.6947167504637e-05
"372","perm_432_Summary.of.stats_Random.Group.Allocation.csv",19,5.07231448009158e-06
"373","perm_433_Summary.of.stats_Random.Group.Allocation.csv",17,0.000736865208390749
"374","perm_434_Summary.of.stats_Random.Group.Allocation.csv",18,0.000121002256632312
"375","perm_435_Summary.of.stats_Random.Group.Allocation.csv",17,0.000735206911727811
"376","perm_436_Summary.of.stats_Random.Group.Allocation.csv",29,5.74479912227725e-06
"377","perm_437_Summary.of.stats_Random.Group.Allocation.csv",12,0.000618987920595061
"378","perm_438_Summary.of.stats_Random.Group.Allocation.csv",22,0.000144685563833099
"379","perm_439_Summary.of.stats_Random.Group.Allocation.csv",31,0.000339277308620465
"380","perm_44_Summary.of.stats_Random.Group.Allocation.csv",26,2.88790409305309e-06
"381","perm_440_Summary.of.stats_Random.Group.Allocation.csv",16,0.000208307364318392
"382","perm_441_Summary.of.stats_Random.Group.Allocation.csv",26,0.000381507050039881
"383","perm_442_Summary.of.stats_Random.Group.Allocation.csv",24,0.000240247908452733
"384","perm_443_Summary.of.stats_Random.Group.Allocation.csv",19,1.44387709109525e-05
"385","perm_444_Summary.of.stats_Random.Group.Allocation.csv",12,0.000435283513859973
"386","perm_445_Summary.of.stats_Random.Group.Allocation.csv",23,0.000116134123076254
"387","perm_446_Summary.of.stats_Random.Group.Allocation.csv",30,0.000651145444284935
"388","perm_447_Summary.of.stats_Random.Group.Allocation.csv",16,0.00117784762300846
"389","perm_448_Summary.of.stats_Random.Group.Allocation.csv",23,0.00089641842477036
"390","perm_449_Summary.of.stats_Random.Group.Allocation.csv",19,2.65369055046105e-06
"391","perm_45_Summary.of.stats_Random.Group.Allocation.csv",25,0.00206331899772574
"392","perm_450_Summary.of.stats_Random.Group.Allocation.csv",16,5.57420357410579e-05
"393","perm_451_Summary.of.stats_Random.Group.Allocation.csv",28,1.04442849223911e-05
"394","perm_452_Summary.of.stats_Random.Group.Allocation.csv",15,0.00142664700115002
"395","perm_453_Summary.of.stats_Random.Group.Allocation.csv",26,0.000284826716768214
"396","perm_454_Summary.of.stats_Random.Group.Allocation.csv",21,0.000169138530113426
"397","perm_455_Summary.of.stats_Random.Group.Allocation.csv",13,0.00558045604023702
"398","perm_456_Summary.of.stats_Random.Group.Allocation.csv",31,5.42711492171285e-08
"399","perm_457_Summary.of.stats_Random.Group.Allocation.csv",22,0.000445454099141239
"400","perm_458_Summary.of.stats_Random.Group.Allocation.csv",21,0.000186444186884511
"401","perm_459_Summary.of.stats_Random.Group.Allocation.csv",20,0.000113594217006393
"402","perm_46_Summary.of.stats_Random.Group.Allocation.csv",32,0.000264154174104579
"403","perm_460_Summary.of.stats_Random.Group.Allocation.csv",22,0.000206027660305362
"404","perm_461_Summary.of.stats_Random.Group.Allocation.csv",26,0.000262546369854836
"405","perm_462_Summary.of.stats_Random.Group.Allocation.csv",22,3.31430731948055e-05
"406","perm_463_Summary.of.stats_Random.Group.Allocation.csv",22,0.000195388438643238
"407","perm_464_Summary.of.stats_Random.Group.Allocation.csv",32,0.000131300440188398
"408","perm_465_Summary.of.stats_Random.Group.Allocation.csv",32,0.00276802943466209
"409","perm_466_Summary.of.stats_Random.Group.Allocation.csv",25,0.000394565860164003
"410","perm_467_Summary.of.stats_Random.Group.Allocation.csv",21,0.000607747059483169
"411","perm_468_Summary.of.stats_Random.Group.Allocation.csv",18,0.00416418326987527
"412","perm_469_Summary.of.stats_Random.Group.Allocation.csv",19,0.00221189493283563
"413","perm_47_Summary.of.stats_Random.Group.Allocation.csv",25,0.000107065324233835
"414","perm_470_Summary.of.stats_Random.Group.Allocation.csv",26,4.79322537870584e-05
"415","perm_471_Summary.of.stats_Random.Group.Allocation.csv",22,0.000246492182857889
"416","perm_472_Summary.of.stats_Random.Group.Allocation.csv",16,0.000106292467128337
"417","perm_473_Summary.of.stats_Random.Group.Allocation.csv",23,0.000626071811516389
"418","perm_474_Summary.of.stats_Random.Group.Allocation.csv",10,0.00247830276793304
"419","perm_475_Summary.of.stats_Random.Group.Allocation.csv",30,0.00016029584678149
"420","perm_476_Summary.of.stats_Random.Group.Allocation.csv",15,0.00101929354678559
"421","perm_477_Summary.of.stats_Random.Group.Allocation.csv",12,0.000122122985279516
"422","perm_478_Summary.of.stats_Random.Group.Allocation.csv",12,0.000201780031392786
"423","perm_479_Summary.of.stats_Random.Group.Allocation.csv",21,0.00306383092625796
"424","perm_48_Summary.of.stats_Random.Group.Allocation.csv",29,0.00144686539724379
"425","perm_480_Summary.of.stats_Random.Group.Allocation.csv",22,0.000723343896542606
"426","perm_481_Summary.of.stats_Random.Group.Allocation.csv",31,0.00061083467785497
"427","perm_482_Summary.of.stats_Random.Group.Allocation.csv",28,0.000374675294397952
"428","perm_483_Summary.of.stats_Random.Group.Allocation.csv",27,0.000232241732262693
"429","perm_484_Summary.of.stats_Random.Group.Allocation.csv",23,0.000622342852921795
"430","perm_485_Summary.of.stats_Random.Group.Allocation.csv",26,6.41126082034302e-05
"431","perm_486_Summary.of.stats_Random.Group.Allocation.csv",19,0.00049798067130855
"432","perm_487_Summary.of.stats_Random.Group.Allocation.csv",28,1.56817368763972e-06
"433","perm_488_Summary.of.stats_Random.Group.Allocation.csv",20,0.00470285581139169
"434","perm_489_Summary.of.stats_Random.Group.Allocation.csv",22,0.000652701011867384
"435","perm_49_Summary.of.stats_Random.Group.Allocation.csv",25,0.00549234588169721
"436","perm_490_Summary.of.stats_Random.Group.Allocation.csv",8,0.000963940099093544
"437","perm_491_Summary.of.stats_Random.Group.Allocation.csv",21,0.00145983461810452
"438","perm_492_Summary.of.stats_Random.Group.Allocation.csv",17,0.00256748052976352
"439","perm_493_Summary.of.stats_Random.Group.Allocation.csv",31,0.000239094004042637
"440","perm_494_Summary.of.stats_Random.Group.Allocation.csv",30,0.000345881347236004
"441","perm_495_Summary.of.stats_Random.Group.Allocation.csv",23,0.000683511385149687
"442","perm_496_Summary.of.stats_Random.Group.Allocation.csv",18,0.000723343896542606
"443","perm_497_Summary.of.stats_Random.Group.Allocation.csv",27,0.000158166796371281
"444","perm_498_Summary.of.stats_Random.Group.Allocation.csv",31,0.000150776676985224
"445","perm_499_Summary.of.stats_Random.Group.Allocation.csv",22,0.000105864400320758
"446","perm_5_Summary.of.stats_Random.Group.Allocation.csv",24,0.000574971724919124
"447","perm_50_Summary.of.stats_Random.Group.Allocation.csv",16,0.00678562984769691
"448","perm_500_Summary.of.stats_Random.Group.Allocation.csv",22,0.00066051982847637
"449","perm_501_Summary.of.stats_Random.Group.Allocation.csv",17,0.0018120338459813
"450","perm_502_Summary.of.stats_Random.Group.Allocation.csv",30,0.00106047209515359
"451","perm_503_Summary.of.stats_Random.Group.Allocation.csv",15,0.000126400229983311
"452","perm_504_Summary.of.stats_Random.Group.Allocation.csv",27,0.000208307364318392
"453","perm_505_Summary.of.stats_Random.Group.Allocation.csv",28,0.000926831137272289
"454","perm_506_Summary.of.stats_Random.Group.Allocation.csv",21,0.000381507050039881
"455","perm_507_Summary.of.stats_Random.Group.Allocation.csv",22,0.00367844918970475
"456","perm_508_Summary.of.stats_Random.Group.Allocation.csv",25,8.85736015657852e-05
"457","perm_509_Summary.of.stats_Random.Group.Allocation.csv",24,0.000109075285856704
"458","perm_51_Summary.of.stats_Random.Group.Allocation.csv",20,0.000679067338035274
"459","perm_510_Summary.of.stats_Random.Group.Allocation.csv",23,0.000232241732262693
"460","perm_511_Summary.of.stats_Random.Group.Allocation.csv",22,0.00165176966662151
"461","perm_512_Summary.of.stats_Random.Group.Allocation.csv",32,0.000398477875422433
"462","perm_513_Summary.of.stats_Random.Group.Allocation.csv",22,0.000683511385149687
"463","perm_514_Summary.of.stats_Random.Group.Allocation.csv",27,0.000176477049446228
"464","perm_515_Summary.of.stats_Random.Group.Allocation.csv",15,0.00343537717656414
"465","perm_516_Summary.of.stats_Random.Group.Allocation.csv",17,0.000104335310617102
"466","perm_517_Summary.of.stats_Random.Group.Allocation.csv",27,0.000105742373733141
"467","perm_518_Summary.of.stats_Random.Group.Allocation.csv",25,0.000223171006002606
"468","perm_519_Summary.of.stats_Random.Group.Allocation.csv",29,0.000148777558190164
"469","perm_52_Summary.of.stats_Random.Group.Allocation.csv",20,0.000798066510709011
"470","perm_520_Summary.of.stats_Random.Group.Allocation.csv",25,0.000291430176315642
"471","perm_521_Summary.of.stats_Random.Group.Allocation.csv",14,0.00310171650327353
"472","perm_522_Summary.of.stats_Random.Group.Allocation.csv",24,0.000832654958711992
"473","perm_523_Summary.of.stats_Random.Group.Allocation.csv",24,0.000106292467128337
"474","perm_524_Summary.of.stats_Random.Group.Allocation.csv",23,0.0011142579904093
"475","perm_525_Summary.of.stats_Random.Group.Allocation.csv",25,0.000295830506645412
"476","perm_526_Summary.of.stats_Random.Group.Allocation.csv",22,0.000140776394559778
"477","perm_527_Summary.of.stats_Random.Group.Allocation.csv",20,0.000508962200113149
"478","perm_528_Summary.of.stats_Random.Group.Allocation.csv",23,0.000618987920595061
"479","perm_529_Summary.of.stats_Random.Group.Allocation.csv",14,0.000838619212557742
"480","perm_53_Summary.of.stats_Random.Group.Allocation.csv",28,0.000291430176315642
"481","perm_530_Summary.of.stats_Random.Group.Allocation.csv",18,0.000327167793080683
"482","perm_531_Summary.of.stats_Random.Group.Allocation.csv",20,0.000500104047933275
"483","perm_532_Summary.of.stats_Random.Group.Allocation.csv",28,0.00014394447555936
"484","perm_533_Summary.of.stats_Random.Group.Allocation.csv",28,0.000381427491873054
"485","perm_534_Summary.of.stats_Random.Group.Allocation.csv",23,0.00198465919876479
"486","perm_535_Summary.of.stats_Random.Group.Allocation.csv",33,0.000358531188122958
"487","perm_536_Summary.of.stats_Random.Group.Allocation.csv",20,0.000462936236047795
"488","perm_537_Summary.of.stats_Random.Group.Allocation.csv",28,0.00154157238166863
"489","perm_538_Summary.of.stats_Random.Group.Allocation.csv",20,0.000211152038663577
"490","perm_539_Summary.of.stats_Random.Group.Allocation.csv",32,0.00322717287536558
"491","perm_54_Summary.of.stats_Random.Group.Allocation.csv",17,0.0012264847070845
"492","perm_540_Summary.of.stats_Random.Group.Allocation.csv",22,2.5255577653255e-05
"493","perm_541_Summary.of.stats_Random.Group.Allocation.csv",26,0.00116578296627723
"494","perm_542_Summary.of.stats_Random.Group.Allocation.csv",19,0.00508582329749037
"495","perm_543_Summary.of.stats_Random.Group.Allocation.csv",26,9.841653456906e-06
"496","perm_544_Summary.of.stats_Random.Group.Allocation.csv",28,0.000220696931182641
"497","perm_545_Summary.of.stats_Random.Group.Allocation.csv",17,0.00117969825657852
"498","perm_546_Summary.of.stats_Random.Group.Allocation.csv",19,0.000596999331826994
"499","perm_547_Summary.of.stats_Random.Group.Allocation.csv",27,3.43926320841637e-05
"500","perm_548_Summary.of.stats_Random.Group.Allocation.csv",36,8.11208379439371e-07
"501","perm_549_Summary.of.stats_Random.Group.Allocation.csv",27,0.000361711537054453
"502","perm_55_Summary.of.stats_Random.Group.Allocation.csv",21,5.70517924666227e-05
"503","perm_550_Summary.of.stats_Random.Group.Allocation.csv",24,0.000231007642034861
"504","perm_551_Summary.of.stats_Random.Group.Allocation.csv",29,3.90831053601714e-05
"505","perm_552_Summary.of.stats_Random.Group.Allocation.csv",23,0.000232241732262693
"506","perm_553_Summary.of.stats_Random.Group.Allocation.csv",30,0.000216004305185138
"507","perm_554_Summary.of.stats_Random.Group.Allocation.csv",18,0.00363625090661732
"508","perm_555_Summary.of.stats_Random.Group.Allocation.csv",22,0.000433073421671507
"509","perm_556_Summary.of.stats_Random.Group.Allocation.csv",29,5.87553135692312e-07
"510","perm_557_Summary.of.stats_Random.Group.Allocation.csv",19,3.24081991875228e-05
"511","perm_558_Summary.of.stats_Random.Group.Allocation.csv",23,0.00977512568260403
"512","perm_559_Summary.of.stats_Random.Group.Allocation.csv",18,0.000162958613583894
"513","perm_56_Summary.of.stats_Random.Group.Allocation.csv",31,2.44884289292213e-05
"514","perm_560_Summary.of.stats_Random.Group.Allocation.csv",8,0.00418945223576146
"515","perm_561_Summary.of.stats_Random.Group.Allocation.csv",14,0.0053014071940819
"516","perm_562_Summary.of.stats_Random.Group.Allocation.csv",25,0.00114924383214568
"517","perm_563_Summary.of.stats_Random.Group.Allocation.csv",15,6.72292940771959e-05
"518","perm_564_Summary.of.stats_Random.Group.Allocation.csv",27,2.14133752342427e-05
"519","perm_565_Summary.of.stats_Random.Group.Allocation.csv",23,0.000489447832938208
"520","perm_566_Summary.of.stats_Random.Group.Allocation.csv",30,0.000610693739062987
"521","perm_567_Summary.of.stats_Random.Group.Allocation.csv",21,0.000301584413642062
"522","perm_568_Summary.of.stats_Random.Group.Allocation.csv",18,0.000226750709371711
"523","perm_569_Summary.of.stats_Random.Group.Allocation.csv",16,0.00116039286634221
"524","perm_57_Summary.of.stats_Random.Group.Allocation.csv",27,0.00111850425080721
"525","perm_570_Summary.of.stats_Random.Group.Allocation.csv",21,1.01003684374727e-05
"526","perm_571_Summary.of.stats_Random.Group.Allocation.csv",27,0.000183187965393581
"527","perm_572_Summary.of.stats_Random.Group.Allocation.csv",32,0.000829257624213813
"528","perm_573_Summary.of.stats_Random.Group.Allocation.csv",20,0.00290278003426244
"529","perm_574_Summary.of.stats_Random.Group.Allocation.csv",21,0.000824117108331368
"530","perm_575_Summary.of.stats_Random.Group.Allocation.csv",14,0.00379891488428136
"531","perm_576_Summary.of.stats_Random.Group.Allocation.csv",14,0.00764595097193569
"532","perm_577_Summary.of.stats_Random.Group.Allocation.csv",14,0.00142827374963353
"533","perm_578_Summary.of.stats_Random.Group.Allocation.csv",31,0.000142493271726312
"534","perm_579_Summary.of.stats_Random.Group.Allocation.csv",21,0.000183399126518727
"535","perm_58_Summary.of.stats_Random.Group.Allocation.csv",23,0.000440919690527783
"536","perm_580_Summary.of.stats_Random.Group.Allocation.csv",20,0.00403636285741794
"537","perm_581_Summary.of.stats_Random.Group.Allocation.csv",25,3.40163684385119e-05
"538","perm_582_Summary.of.stats_Random.Group.Allocation.csv",13,0.00236623818821324
"539","perm_583_Summary.of.stats_Random.Group.Allocation.csv",27,1.71429988103734e-05
"540","perm_584_Summary.of.stats_Random.Group.Allocation.csv",17,0.00198616062075948
"541","perm_585_Summary.of.stats_Random.Group.Allocation.csv",25,0.0001342824604512
"542","perm_586_Summary.of.stats_Random.Group.Allocation.csv",19,0.00337159371796108
"543","perm_587_Summary.of.stats_Random.Group.Allocation.csv",27,7.77780382569061e-05
"544","perm_588_Summary.of.stats_Random.Group.Allocation.csv",17,0.00013853360119768
"545","perm_589_Summary.of.stats_Random.Group.Allocation.csv",21,0.000370495998057195
"546","perm_59_Summary.of.stats_Random.Group.Allocation.csv",24,0.000941514180899772
"547","perm_590_Summary.of.stats_Random.Group.Allocation.csv",29,0.00061318416244672
"548","perm_591_Summary.of.stats_Random.Group.Allocation.csv",22,0.000557566281191058
"549","perm_592_Summary.of.stats_Random.Group.Allocation.csv",19,0.00091342904747145
"550","perm_593_Summary.of.stats_Random.Group.Allocation.csv",24,0.000206027660305362
"551","perm_594_Summary.of.stats_Random.Group.Allocation.csv",21,0.000210548514161916
"552","perm_595_Summary.of.stats_Random.Group.Allocation.csv",22,0.00100309474641482
"553","perm_596_Summary.of.stats_Random.Group.Allocation.csv",25,0.00149983546567438
"554","perm_597_Summary.of.stats_Random.Group.Allocation.csv",22,0.00174765837024803
"555","perm_598_Summary.of.stats_Random.Group.Allocation.csv",18,1.39722499378791e-06
"556","perm_599_Summary.of.stats_Random.Group.Allocation.csv",26,0.000251402459127371
"557","perm_6_Summary.of.stats_Random.Group.Allocation.csv",12,0.000941514180899772
"558","perm_60_Summary.of.stats_Random.Group.Allocation.csv",12,0.00418411637229879
"559","perm_600_Summary.of.stats_Random.Group.Allocation.csv",20,0.00168389901107155
"560","perm_601_Summary.of.stats_Random.Group.Allocation.csv",16,0.000291888165236574
"561","perm_602_Summary.of.stats_Random.Group.Allocation.csv",18,0.000295272736911879
"562","perm_603_Summary.of.stats_Random.Group.Allocation.csv",18,0.000528183395508977
"563","perm_604_Summary.of.stats_Random.Group.Allocation.csv",12,5.66418841056e-05
"564","perm_605_Summary.of.stats_Random.Group.Allocation.csv",30,0.00176972071567556
"565","perm_606_Summary.of.stats_Random.Group.Allocation.csv",29,4.31889637518363e-05
"566","perm_607_Summary.of.stats_Random.Group.Allocation.csv",16,6.34979110097761e-05
"567","perm_608_Summary.of.stats_Random.Group.Allocation.csv",16,0.00516878948562518
"568","perm_609_Summary.of.stats_Random.Group.Allocation.csv",18,6.96899464105018e-06
"569","perm_61_Summary.of.stats_Random.Group.Allocation.csv",23,0.000106292467128337
"570","perm_610_Summary.of.stats_Random.Group.Allocation.csv",27,6.51266868706154e-06
"571","perm_611_Summary.of.stats_Random.Group.Allocation.csv",32,0.000414252735635674
"572","perm_612_Summary.of.stats_Random.Group.Allocation.csv",23,1.04442849223911e-05
"573","perm_613_Summary.of.stats_Random.Group.Allocation.csv",22,0.00116578296627723
"574","perm_614_Summary.of.stats_Random.Group.Allocation.csv",13,0.00635744781865136
"575","perm_615_Summary.of.stats_Random.Group.Allocation.csv",11,0.00773426036576514
"576","perm_616_Summary.of.stats_Random.Group.Allocation.csv",24,1.28992172239592e-05
"577","perm_617_Summary.of.stats_Random.Group.Allocation.csv",20,0.00299781197688423
"578","perm_618_Summary.of.stats_Random.Group.Allocation.csv",30,2.61230847120846e-05
"579","perm_619_Summary.of.stats_Random.Group.Allocation.csv",22,4.47715221662021e-05
"580","perm_62_Summary.of.stats_Random.Group.Allocation.csv",20,0.000384332766894075
"581","perm_620_Summary.of.stats_Random.Group.Allocation.csv",21,5.19464597104718e-05
"582","perm_621_Summary.of.stats_Random.Group.Allocation.csv",28,4.48063099146105e-05
"583","perm_622_Summary.of.stats_Random.Group.Allocation.csv",19,0.00719913722750676
"584","perm_623_Summary.of.stats_Random.Group.Allocation.csv",21,0.00139702009125675
"585","perm_624_Summary.of.stats_Random.Group.Allocation.csv",23,3.3938742280368e-05
"586","perm_625_Summary.of.stats_Random.Group.Allocation.csv",16,9.96393185376131e-05
"587","perm_626_Summary.of.stats_Random.Group.Allocation.csv",18,0.00277762474301395
"588","perm_627_Summary.of.stats_Random.Group.Allocation.csv",23,0.000173637895137398
"589","perm_628_Summary.of.stats_Random.Group.Allocation.csv",20,0.00189974632230457
"590","perm_629_Summary.of.stats_Random.Group.Allocation.csv",25,0.00148020806362282
"591","perm_63_Summary.of.stats_Random.Group.Allocation.csv",29,0.000208948934307869
"592","perm_630_Summary.of.stats_Random.Group.Allocation.csv",24,0.000107303527655637
"593","perm_631_Summary.of.stats_Random.Group.Allocation.csv",20,9.23676921190274e-05
"594","perm_632_Summary.of.stats_Random.Group.Allocation.csv",27,0.0006035459397363
"595","perm_633_Summary.of.stats_Random.Group.Allocation.csv",18,9.78455858968895e-05
"596","perm_634_Summary.of.stats_Random.Group.Allocation.csv",24,0.000382787489555822
"597","perm_635_Summary.of.stats_Random.Group.Allocation.csv",22,0.000560020619807017
"598","perm_636_Summary.of.stats_Random.Group.Allocation.csv",32,0.000472952364687194
"599","perm_637_Summary.of.stats_Random.Group.Allocation.csv",20,0.000683511385149687
"600","perm_638_Summary.of.stats_Random.Group.Allocation.csv",29,1.74143083374361e-05
"601","perm_639_Summary.of.stats_Random.Group.Allocation.csv",32,2.90424288282232e-05
"602","perm_64_Summary.of.stats_Random.Group.Allocation.csv",22,4.71369687356113e-05
"603","perm_640_Summary.of.stats_Random.Group.Allocation.csv",14,0.00463475274501702
"604","perm_641_Summary.of.stats_Random.Group.Allocation.csv",25,5.88085773847166e-05
"605","perm_642_Summary.of.stats_Random.Group.Allocation.csv",23,6.26533906108268e-05
"606","perm_643_Summary.of.stats_Random.Group.Allocation.csv",22,0.000344852347412712
"607","perm_644_Summary.of.stats_Random.Group.Allocation.csv",22,0.00271672532857012
"608","perm_645_Summary.of.stats_Random.Group.Allocation.csv",20,0.000128887485369179
"609","perm_646_Summary.of.stats_Random.Group.Allocation.csv",28,0.00158672513163173
"610","perm_647_Summary.of.stats_Random.Group.Allocation.csv",15,0.000501168905205874
"611","perm_648_Summary.of.stats_Random.Group.Allocation.csv",26,0.000969365665616996
"612","perm_649_Summary.of.stats_Random.Group.Allocation.csv",19,0.00010402216229377
"613","perm_65_Summary.of.stats_Random.Group.Allocation.csv",25,0.000321474457921375
"614","perm_650_Summary.of.stats_Random.Group.Allocation.csv",29,0.000357684427193159
"615","perm_651_Summary.of.stats_Random.Group.Allocation.csv",11,0.000793193906494524
"616","perm_652_Summary.of.stats_Random.Group.Allocation.csv",25,0.000931567792326212
"617","perm_653_Summary.of.stats_Random.Group.Allocation.csv",16,0.000106292467128337
"618","perm_654_Summary.of.stats_Random.Group.Allocation.csv",25,0.000861786568749975
"619","perm_655_Summary.of.stats_Random.Group.Allocation.csv",20,0.00206951104369633
"620","perm_656_Summary.of.stats_Random.Group.Allocation.csv",23,0.001412706960563
"621","perm_657_Summary.of.stats_Random.Group.Allocation.csv",20,4.8741804644832e-05
"622","perm_658_Summary.of.stats_Random.Group.Allocation.csv",18,0.000239094004042637
"623","perm_659_Summary.of.stats_Random.Group.Allocation.csv",32,6.74178227538381e-05
"624","perm_66_Summary.of.stats_Random.Group.Allocation.csv",19,5.70517924666227e-05
"625","perm_660_Summary.of.stats_Random.Group.Allocation.csv",16,0.00029007419979399
"626","perm_661_Summary.of.stats_Random.Group.Allocation.csv",23,0.00183259299301164
"627","perm_662_Summary.of.stats_Random.Group.Allocation.csv",28,0.000717198112859244
"628","perm_663_Summary.of.stats_Random.Group.Allocation.csv",26,0.00102277952357829
"629","perm_664_Summary.of.stats_Random.Group.Allocation.csv",25,0.00103074318910686
"630","perm_665_Summary.of.stats_Random.Group.Allocation.csv",18,0.00045651408063239
"631","perm_666_Summary.of.stats_Random.Group.Allocation.csv",27,5.17379983481347e-05
"632","perm_667_Summary.of.stats_Random.Group.Allocation.csv",20,0.00235561238323517
"633","perm_668_Summary.of.stats_Random.Group.Allocation.csv",37,4.48063099146105e-05
"634","perm_669_Summary.of.stats_Random.Group.Allocation.csv",17,0.000138262911340009
"635","perm_67_Summary.of.stats_Random.Group.Allocation.csv",24,0.00226358421366487
"636","perm_670_Summary.of.stats_Random.Group.Allocation.csv",18,0.00197079386791048
"637","perm_671_Summary.of.stats_Random.Group.Allocation.csv",22,0.00234114162576538
"638","perm_672_Summary.of.stats_Random.Group.Allocation.csv",10,0.00405574829720265
"639","perm_673_Summary.of.stats_Random.Group.Allocation.csv",25,0.000615275004912132
"640","perm_674_Summary.of.stats_Random.Group.Allocation.csv",22,0.000886903918649884
"641","perm_675_Summary.of.stats_Random.Group.Allocation.csv",25,0.00125512505176815
"642","perm_676_Summary.of.stats_Random.Group.Allocation.csv",30,0.0011142579904093
"643","perm_677_Summary.of.stats_Random.Group.Allocation.csv",20,0.000196677909651044
"644","perm_678_Summary.of.stats_Random.Group.Allocation.csv",24,0.000126400229983311
"645","perm_679_Summary.of.stats_Random.Group.Allocation.csv",12,1.13443740593197e-06
"646","perm_68_Summary.of.stats_Random.Group.Allocation.csv",21,0.00037963064522465
"647","perm_680_Summary.of.stats_Random.Group.Allocation.csv",22,0.000144616567836457
"648","perm_681_Summary.of.stats_Random.Group.Allocation.csv",20,0.000455824882052795
"649","perm_682_Summary.of.stats_Random.Group.Allocation.csv",22,0.000106068316024076
"650","perm_683_Summary.of.stats_Random.Group.Allocation.csv",23,4.48063099146105e-05
"651","perm_684_Summary.of.stats_Random.Group.Allocation.csv",21,0.000206027660305362
"652","perm_685_Summary.of.stats_Random.Group.Allocation.csv",23,6.55071162925428e-05
"653","perm_686_Summary.of.stats_Random.Group.Allocation.csv",24,2.62904525925199e-05
"654","perm_687_Summary.of.stats_Random.Group.Allocation.csv",12,9.72659459574912e-06
"655","perm_688_Summary.of.stats_Random.Group.Allocation.csv",37,3.80842177215968e-05
"656","perm_689_Summary.of.stats_Random.Group.Allocation.csv",27,3.35664437760589e-05
"657","perm_69_Summary.of.stats_Random.Group.Allocation.csv",20,0.00060210026585977
"658","perm_690_Summary.of.stats_Random.Group.Allocation.csv",26,3.73669275765978e-05
"659","perm_691_Summary.of.stats_Random.Group.Allocation.csv",23,2.55600322571701e-05
"660","perm_692_Summary.of.stats_Random.Group.Allocation.csv",19,0.00175319663104002
"661","perm_693_Summary.of.stats_Random.Group.Allocation.csv",31,0.00175727115386658
"662","perm_694_Summary.of.stats_Random.Group.Allocation.csv",19,0.0013485120756707
"663","perm_695_Summary.of.stats_Random.Group.Allocation.csv",17,1.66283210818263e-05
"664","perm_696_Summary.of.stats_Random.Group.Allocation.csv",24,0.000822852340655918
"665","perm_697_Summary.of.stats_Random.Group.Allocation.csv",20,0.000248024895416769
"666","perm_698_Summary.of.stats_Random.Group.Allocation.csv",30,0.000369006735424701
"667","perm_699_Summary.of.stats_Random.Group.Allocation.csv",19,4.48063099146105e-05
"668","perm_7_Summary.of.stats_Random.Group.Allocation.csv",27,6.51266868706154e-06
"669","perm_70_Summary.of.stats_Random.Group.Allocation.csv",26,0.000105386305357836
"670","perm_700_Summary.of.stats_Random.Group.Allocation.csv",21,0.000208307364318392
"671","perm_701_Summary.of.stats_Random.Group.Allocation.csv",22,0.000359142599020049
"672","perm_702_Summary.of.stats_Random.Group.Allocation.csv",29,0.000845597051732497
"673","perm_703_Summary.of.stats_Random.Group.Allocation.csv",27,3.72684400479724e-06
"674","perm_704_Summary.of.stats_Random.Group.Allocation.csv",27,0.00183492320701973
"675","perm_705_Summary.of.stats_Random.Group.Allocation.csv",18,0.000189760051692577
"676","perm_706_Summary.of.stats_Random.Group.Allocation.csv",11,0.00308943379673764
"677","perm_707_Summary.of.stats_Random.Group.Allocation.csv",22,0.000508962200113149
"678","perm_708_Summary.of.stats_Random.Group.Allocation.csv",23,0.00159305504322043
"679","perm_709_Summary.of.stats_Random.Group.Allocation.csv",18,0.000232241732262693
"680","perm_71_Summary.of.stats_Random.Group.Allocation.csv",21,0.000803762187901214
"681","perm_710_Summary.of.stats_Random.Group.Allocation.csv",22,0.000390428543599298
"682","perm_711_Summary.of.stats_Random.Group.Allocation.csv",28,0.000814416481165911
"683","perm_712_Summary.of.stats_Random.Group.Allocation.csv",34,0.0002017001861042
"684","perm_713_Summary.of.stats_Random.Group.Allocation.csv",11,0.00193816611769347
"685","perm_714_Summary.of.stats_Random.Group.Allocation.csv",30,0.000300132275075376
"686","perm_715_Summary.of.stats_Random.Group.Allocation.csv",26,1.37154895862929e-05
"687","perm_716_Summary.of.stats_Random.Group.Allocation.csv",19,8.58176575205841e-05
"688","perm_717_Summary.of.stats_Random.Group.Allocation.csv",32,0.000236632897753335
"689","perm_718_Summary.of.stats_Random.Group.Allocation.csv",25,0.000337416866699369
"690","perm_719_Summary.of.stats_Random.Group.Allocation.csv",22,0.000198680170324751
"691","perm_72_Summary.of.stats_Random.Group.Allocation.csv",19,0.00197079386791048
"692","perm_720_Summary.of.stats_Random.Group.Allocation.csv",23,0.00173877841697382
"693","perm_721_Summary.of.stats_Random.Group.Allocation.csv",17,0.00165398688177884
"694","perm_722_Summary.of.stats_Random.Group.Allocation.csv",25,5.24260050727859e-05
"695","perm_723_Summary.of.stats_Random.Group.Allocation.csv",19,8.74024115103369e-05
"696","perm_724_Summary.of.stats_Random.Group.Allocation.csv",28,0.000111754295381529
"697","perm_725_Summary.of.stats_Random.Group.Allocation.csv",36,0.000510668869851571
"698","perm_726_Summary.of.stats_Random.Group.Allocation.csv",21,0.000153891371400363
"699","perm_727_Summary.of.stats_Random.Group.Allocation.csv",24,1.68451991306229e-05
"700","perm_728_Summary.of.stats_Random.Group.Allocation.csv",15,0.00336403448343157
"701","perm_729_Summary.of.stats_Random.Group.Allocation.csv",37,0.000298236538047829
"702","perm_73_Summary.of.stats_Random.Group.Allocation.csv",18,0.00260330595005067
"703","perm_730_Summary.of.stats_Random.Group.Allocation.csv",28,0.000174908953769282
"704","perm_731_Summary.of.stats_Random.Group.Allocation.csv",25,0.000909362321867296
"705","perm_732_Summary.of.stats_Random.Group.Allocation.csv",34,2.11415148697424e-06
"706","perm_733_Summary.of.stats_Random.Group.Allocation.csv",24,0.00193924280712487
"707","perm_734_Summary.of.stats_Random.Group.Allocation.csv",20,0.00473816066820588
"708","perm_735_Summary.of.stats_Random.Group.Allocation.csv",22,0.00145282465527618
"709","perm_736_Summary.of.stats_Random.Group.Allocation.csv",24,6.912963669124e-06
"710","perm_737_Summary.of.stats_Random.Group.Allocation.csv",28,0.000266127988090568
"711","perm_738_Summary.of.stats_Random.Group.Allocation.csv",25,0.000223128017104064
"712","perm_739_Summary.of.stats_Random.Group.Allocation.csv",23,0.000263258083074359
"713","perm_74_Summary.of.stats_Random.Group.Allocation.csv",23,0.000395204454080156
"714","perm_740_Summary.of.stats_Random.Group.Allocation.csv",18,0.000413149000191149
"715","perm_741_Summary.of.stats_Random.Group.Allocation.csv",20,7.32317156539695e-06
"716","perm_742_Summary.of.stats_Random.Group.Allocation.csv",23,0.000649767496964985
"717","perm_743_Summary.of.stats_Random.Group.Allocation.csv",18,0.00233858208939255
"718","perm_744_Summary.of.stats_Random.Group.Allocation.csv",21,3.4259666362085e-05
"719","perm_745_Summary.of.stats_Random.Group.Allocation.csv",17,0.00110598705259931
"720","perm_746_Summary.of.stats_Random.Group.Allocation.csv",21,0.00245877557381041
"721","perm_747_Summary.of.stats_Random.Group.Allocation.csv",24,5.25578307850496e-05
"722","perm_748_Summary.of.stats_Random.Group.Allocation.csv",23,0.000145516621277387
"723","perm_749_Summary.of.stats_Random.Group.Allocation.csv",26,3.80842177215968e-05
"724","perm_75_Summary.of.stats_Random.Group.Allocation.csv",23,0.000683586540509193
"725","perm_750_Summary.of.stats_Random.Group.Allocation.csv",25,0.000236224858871221
"726","perm_751_Summary.of.stats_Random.Group.Allocation.csv",22,0.000366496713180373
"727","perm_752_Summary.of.stats_Random.Group.Allocation.csv",29,0.000206027660305362
"728","perm_753_Summary.of.stats_Random.Group.Allocation.csv",26,1.16036517732448e-05
"729","perm_754_Summary.of.stats_Random.Group.Allocation.csv",28,8.98186443576459e-06
"730","perm_755_Summary.of.stats_Random.Group.Allocation.csv",14,0.00514209825821138
"731","perm_756_Summary.of.stats_Random.Group.Allocation.csv",26,0.000624306968699776
"732","perm_757_Summary.of.stats_Random.Group.Allocation.csv",17,0.000648043079655027
"733","perm_758_Summary.of.stats_Random.Group.Allocation.csv",14,0.000724037238687333
"734","perm_759_Summary.of.stats_Random.Group.Allocation.csv",19,0.00016205885018249
"735","perm_76_Summary.of.stats_Random.Group.Allocation.csv",18,0.000529754642084588
"736","perm_760_Summary.of.stats_Random.Group.Allocation.csv",20,4.6706533089116e-05
"737","perm_761_Summary.of.stats_Random.Group.Allocation.csv",20,0.000592776570272834
"738","perm_762_Summary.of.stats_Random.Group.Allocation.csv",25,0.00117784762300846
"739","perm_763_Summary.of.stats_Random.Group.Allocation.csv",22,0.000918337138625544
"740","perm_764_Summary.of.stats_Random.Group.Allocation.csv",38,9.14811796655903e-05
"741","perm_765_Summary.of.stats_Random.Group.Allocation.csv",34,3.84536220463904e-05
"742","perm_766_Summary.of.stats_Random.Group.Allocation.csv",23,0.000536714277547581
"743","perm_767_Summary.of.stats_Random.Group.Allocation.csv",30,0.000640949538474292
"744","perm_768_Summary.of.stats_Random.Group.Allocation.csv",20,8.29895946729172e-05
"745","perm_769_Summary.of.stats_Random.Group.Allocation.csv",19,6.40259381825372e-05
"746","perm_77_Summary.of.stats_Random.Group.Allocation.csv",14,0.00453488001088497
"747","perm_770_Summary.of.stats_Random.Group.Allocation.csv",18,9.00781563403705e-05
"748","perm_771_Summary.of.stats_Random.Group.Allocation.csv",25,0.000680937824509453
"749","perm_772_Summary.of.stats_Random.Group.Allocation.csv",29,3.71723414229224e-05
"750","perm_773_Summary.of.stats_Random.Group.Allocation.csv",31,0.000240191282765687
"751","perm_774_Summary.of.stats_Random.Group.Allocation.csv",17,0.00181983451470099
"752","perm_775_Summary.of.stats_Random.Group.Allocation.csv",30,0.000875443334655631
"753","perm_776_Summary.of.stats_Random.Group.Allocation.csv",18,0.00178917549285958
"754","perm_777_Summary.of.stats_Random.Group.Allocation.csv",20,0.000205073810314533
"755","perm_778_Summary.of.stats_Random.Group.Allocation.csv",32,0.000252237431937129
"756","perm_779_Summary.of.stats_Random.Group.Allocation.csv",18,0.00087264407121411
"757","perm_78_Summary.of.stats_Random.Group.Allocation.csv",16,0.000169314014682861
"758","perm_780_Summary.of.stats_Random.Group.Allocation.csv",22,0.000146113965670114
"759","perm_781_Summary.of.stats_Random.Group.Allocation.csv",32,6.40259381825372e-05
"760","perm_782_Summary.of.stats_Random.Group.Allocation.csv",31,1.73564698760392e-06
"761","perm_783_Summary.of.stats_Random.Group.Allocation.csv",33,0.0010593572752142
"762","perm_784_Summary.of.stats_Random.Group.Allocation.csv",29,0.000480490677553165
"763","perm_785_Summary.of.stats_Random.Group.Allocation.csv",29,0.000358003399260705
"764","perm_786_Summary.of.stats_Random.Group.Allocation.csv",20,0.00254126165319671
"765","perm_787_Summary.of.stats_Random.Group.Allocation.csv",18,0.00140994903224095
"766","perm_788_Summary.of.stats_Random.Group.Allocation.csv",29,0.000724037238687333
"767","perm_789_Summary.of.stats_Random.Group.Allocation.csv",22,0.00178245552668962
"768","perm_79_Summary.of.stats_Random.Group.Allocation.csv",23,0.00101164647146044
"769","perm_790_Summary.of.stats_Random.Group.Allocation.csv",28,0.000976336139941893
"770","perm_791_Summary.of.stats_Random.Group.Allocation.csv",28,0.000198089467155861
"771","perm_792_Summary.of.stats_Random.Group.Allocation.csv",21,3.32674996951763e-05
"772","perm_793_Summary.of.stats_Random.Group.Allocation.csv",8,0.00360278009820614
"773","perm_794_Summary.of.stats_Random.Group.Allocation.csv",22,0.00155900018319526
"774","perm_795_Summary.of.stats_Random.Group.Allocation.csv",27,0.000161346361122606
"775","perm_796_Summary.of.stats_Random.Group.Allocation.csv",18,0.000632557573629595
"776","perm_797_Summary.of.stats_Random.Group.Allocation.csv",17,0.00100414716578483
"777","perm_798_Summary.of.stats_Random.Group.Allocation.csv",25,0.00187565739387519
"778","perm_799_Summary.of.stats_Random.Group.Allocation.csv",26,2.45376702796965e-05
"779","perm_8_Summary.of.stats_Random.Group.Allocation.csv",26,4.04205597278135e-05
"780","perm_80_Summary.of.stats_Random.Group.Allocation.csv",17,0.00039457773881327
"781","perm_800_Summary.of.stats_Random.Group.Allocation.csv",28,0.0001258623312611
"782","perm_801_Summary.of.stats_Random.Group.Allocation.csv",18,8.57429170226311e-05
"783","perm_802_Summary.of.stats_Random.Group.Allocation.csv",31,0.000490660354442371
"784","perm_803_Summary.of.stats_Random.Group.Allocation.csv",25,0.000107553243813779
"785","perm_804_Summary.of.stats_Random.Group.Allocation.csv",27,0.00176313750597479
"786","perm_805_Summary.of.stats_Random.Group.Allocation.csv",32,2.62777501510896e-06
"787","perm_806_Summary.of.stats_Random.Group.Allocation.csv",26,0.000106046290381297
"788","perm_807_Summary.of.stats_Random.Group.Allocation.csv",36,0.000828476757932737
"789","perm_808_Summary.of.stats_Random.Group.Allocation.csv",9,0.0057528912377587
"790","perm_809_Summary.of.stats_Random.Group.Allocation.csv",14,0.00376197637336785
"791","perm_81_Summary.of.stats_Random.Group.Allocation.csv",16,0.000159224145725173
"792","perm_810_Summary.of.stats_Random.Group.Allocation.csv",24,0.000123324153201871
"793","perm_811_Summary.of.stats_Random.Group.Allocation.csv",18,0.00231627472126199
"794","perm_812_Summary.of.stats_Random.Group.Allocation.csv",26,2.7653646222078e-05
"795","perm_813_Summary.of.stats_Random.Group.Allocation.csv",23,0.00136123554424472
"796","perm_814_Summary.of.stats_Random.Group.Allocation.csv",15,0.000700297349384662
"797","perm_815_Summary.of.stats_Random.Group.Allocation.csv",21,0.00295150519168132
"798","perm_816_Summary.of.stats_Random.Group.Allocation.csv",31,0.000272122362884879
"799","perm_817_Summary.of.stats_Random.Group.Allocation.csv",23,0.000203938669845332
"800","perm_818_Summary.of.stats_Random.Group.Allocation.csv",17,6.912963669124e-06
"801","perm_819_Summary.of.stats_Random.Group.Allocation.csv",19,0.00192832072920699
"802","perm_82_Summary.of.stats_Random.Group.Allocation.csv",15,0.000395204454080156
"803","perm_820_Summary.of.stats_Random.Group.Allocation.csv",24,0.000173061360202268
"804","perm_821_Summary.of.stats_Random.Group.Allocation.csv",21,0.00267373300201405
"805","perm_822_Summary.of.stats_Random.Group.Allocation.csv",18,0.000776103800265439
"806","perm_823_Summary.of.stats_Random.Group.Allocation.csv",25,0.00120246659303419
"807","perm_824_Summary.of.stats_Random.Group.Allocation.csv",15,0.00170997911236647
"808","perm_825_Summary.of.stats_Random.Group.Allocation.csv",26,0.00163661584758507
"809","perm_826_Summary.of.stats_Random.Group.Allocation.csv",27,3.18541871462808e-05
"810","perm_827_Summary.of.stats_Random.Group.Allocation.csv",18,0.00159133156706661
"811","perm_828_Summary.of.stats_Random.Group.Allocation.csv",26,0.000217089774016975
"812","perm_829_Summary.of.stats_Random.Group.Allocation.csv",26,0.000334537975210018
"813","perm_83_Summary.of.stats_Random.Group.Allocation.csv",28,0.000985048452729129
"814","perm_830_Summary.of.stats_Random.Group.Allocation.csv",16,0.000247345645202197
"815","perm_831_Summary.of.stats_Random.Group.Allocation.csv",21,0.0010081892288872
"816","perm_832_Summary.of.stats_Random.Group.Allocation.csv",22,6.79556526319599e-05
"817","perm_833_Summary.of.stats_Random.Group.Allocation.csv",18,0.000370262453809143
"818","perm_834_Summary.of.stats_Random.Group.Allocation.csv",23,5.19464597104718e-05
"819","perm_835_Summary.of.stats_Random.Group.Allocation.csv",16,0.000183391107827462
"820","perm_836_Summary.of.stats_Random.Group.Allocation.csv",18,0.000799095264650231
"821","perm_837_Summary.of.stats_Random.Group.Allocation.csv",18,0.00224034418637026
"822","perm_838_Summary.of.stats_Random.Group.Allocation.csv",17,0.000950210820302173
"823","perm_839_Summary.of.stats_Random.Group.Allocation.csv",25,0.000636920927400676
"824","perm_84_Summary.of.stats_Random.Group.Allocation.csv",10,0.00583499099779829
"825","perm_840_Summary.of.stats_Random.Group.Allocation.csv",28,0.000776469548032619
"826","perm_841_Summary.of.stats_Random.Group.Allocation.csv",23,0.00107183708248156
"827","perm_842_Summary.of.stats_Random.Group.Allocation.csv",37,0.000172387556657485
"828","perm_843_Summary.of.stats_Random.Group.Allocation.csv",26,0.000138598001514593
"829","perm_844_Summary.of.stats_Random.Group.Allocation.csv",18,0.00023293678768639
"830","perm_845_Summary.of.stats_Random.Group.Allocation.csv",31,0.000345887187295001
"831","perm_846_Summary.of.stats_Random.Group.Allocation.csv",28,8.8907400420011e-05
"832","perm_847_Summary.of.stats_Random.Group.Allocation.csv",21,0.00354267231190199
"833","perm_848_Summary.of.stats_Random.Group.Allocation.csv",19,0.000823615401520875
"834","perm_849_Summary.of.stats_Random.Group.Allocation.csv",25,0.000611766940908017
"835","perm_85_Summary.of.stats_Random.Group.Allocation.csv",26,0.00158038236862081
"836","perm_850_Summary.of.stats_Random.Group.Allocation.csv",17,0.00186302922320727
"837","perm_851_Summary.of.stats_Random.Group.Allocation.csv",23,0.000766450209499046
"838","perm_852_Summary.of.stats_Random.Group.Allocation.csv",20,0.000596784392784744
"839","perm_853_Summary.of.stats_Random.Group.Allocation.csv",22,0.00011715434881754
"840","perm_854_Summary.of.stats_Random.Group.Allocation.csv",18,5.19464597104718e-05
"841","perm_855_Summary.of.stats_Random.Group.Allocation.csv",23,0.000137624606128754
"842","perm_856_Summary.of.stats_Random.Group.Allocation.csv",26,1.56817368763972e-06
"843","perm_857_Summary.of.stats_Random.Group.Allocation.csv",19,0.000187054656251067
"844","perm_858_Summary.of.stats_Random.Group.Allocation.csv",26,6.99738027563423e-05
"845","perm_859_Summary.of.stats_Random.Group.Allocation.csv",16,0.00210209922223771
"846","perm_86_Summary.of.stats_Random.Group.Allocation.csv",23,0.000829257624213813
"847","perm_860_Summary.of.stats_Random.Group.Allocation.csv",18,0.00177976447202459
"848","perm_861_Summary.of.stats_Random.Group.Allocation.csv",20,0.000899032169137986
"849","perm_862_Summary.of.stats_Random.Group.Allocation.csv",28,9.23676921190274e-05
"850","perm_863_Summary.of.stats_Random.Group.Allocation.csv",22,0.000623774077976289
"851","perm_864_Summary.of.stats_Random.Group.Allocation.csv",20,0.0002928867973432
"852","perm_865_Summary.of.stats_Random.Group.Allocation.csv",20,6.13936916920406e-05
"853","perm_866_Summary.of.stats_Random.Group.Allocation.csv",24,0.000718000272108328
"854","perm_867_Summary.of.stats_Random.Group.Allocation.csv",23,1.8833346805133e-06
"855","perm_868_Summary.of.stats_Random.Group.Allocation.csv",18,0.00164865282012353
"856","perm_869_Summary.of.stats_Random.Group.Allocation.csv",19,0.000601362133539582
"857","perm_87_Summary.of.stats_Random.Group.Allocation.csv",15,0.000217089774016975
"858","perm_870_Summary.of.stats_Random.Group.Allocation.csv",34,1.44387709109525e-05
"859","perm_871_Summary.of.stats_Random.Group.Allocation.csv",30,0.00227920795068979
"860","perm_872_Summary.of.stats_Random.Group.Allocation.csv",26,0.0001414717777367
"861","perm_873_Summary.of.stats_Random.Group.Allocation.csv",19,0.000118334928958661
"862","perm_874_Summary.of.stats_Random.Group.Allocation.csv",26,0.000123265155331373
"863","perm_875_Summary.of.stats_Random.Group.Allocation.csv",21,0.000867633654917386
"864","perm_876_Summary.of.stats_Random.Group.Allocation.csv",17,0.00346041133641727
"865","perm_877_Summary.of.stats_Random.Group.Allocation.csv",27,0.000136847317896505
"866","perm_878_Summary.of.stats_Random.Group.Allocation.csv",24,0.000251402459127371
"867","perm_879_Summary.of.stats_Random.Group.Allocation.csv",29,0.000119415314389534
"868","perm_88_Summary.of.stats_Random.Group.Allocation.csv",19,8.10155945794708e-05
"869","perm_880_Summary.of.stats_Random.Group.Allocation.csv",37,1.04442849223911e-05
"870","perm_881_Summary.of.stats_Random.Group.Allocation.csv",23,0.000208307364318392
"871","perm_882_Summary.of.stats_Random.Group.Allocation.csv",24,8.26270938090303e-05
"872","perm_883_Summary.of.stats_Random.Group.Allocation.csv",36,1.39496943971132e-05
"873","perm_884_Summary.of.stats_Random.Group.Allocation.csv",15,0.000253221117215043
"874","perm_885_Summary.of.stats_Random.Group.Allocation.csv",19,1.39093655347158e-05
"875","perm_886_Summary.of.stats_Random.Group.Allocation.csv",27,4.48063099146105e-05
"876","perm_887_Summary.of.stats_Random.Group.Allocation.csv",22,0.000431466000451734
"877","perm_888_Summary.of.stats_Random.Group.Allocation.csv",27,0.000607663279538135
"878","perm_889_Summary.of.stats_Random.Group.Allocation.csv",19,0.00128312906394629
"879","perm_89_Summary.of.stats_Random.Group.Allocation.csv",20,0.000239094004042637
"880","perm_890_Summary.of.stats_Random.Group.Allocation.csv",20,0.00050483435541027
"881","perm_891_Summary.of.stats_Random.Group.Allocation.csv",19,0.000460677852181212
"882","perm_892_Summary.of.stats_Random.Group.Allocation.csv",28,3.18273579478669e-05
"883","perm_893_Summary.of.stats_Random.Group.Allocation.csv",29,0.000116262616201561
"884","perm_894_Summary.of.stats_Random.Group.Allocation.csv",18,0.00172305663819278
"885","perm_895_Summary.of.stats_Random.Group.Allocation.csv",18,0.00276802943466209
"886","perm_896_Summary.of.stats_Random.Group.Allocation.csv",21,0.000316599662325373
"887","perm_897_Summary.of.stats_Random.Group.Allocation.csv",17,0.00309799701952903
"888","perm_898_Summary.of.stats_Random.Group.Allocation.csv",14,0.000279949117880086
"889","perm_899_Summary.of.stats_Random.Group.Allocation.csv",25,0.000236163456426752
"890","perm_9_Summary.of.stats_Random.Group.Allocation.csv",30,0.000405023493157445
"891","perm_90_Summary.of.stats_Random.Group.Allocation.csv",35,9.80497470125464e-05
"892","perm_900_Summary.of.stats_Random.Group.Allocation.csv",22,9.18861956173674e-06
"893","perm_901_Summary.of.stats_Random.Group.Allocation.csv",24,6.38522314931475e-05
"894","perm_902_Summary.of.stats_Random.Group.Allocation.csv",26,3.70383598432904e-05
"895","perm_903_Summary.of.stats_Random.Group.Allocation.csv",29,0.000136433603137727
"896","perm_904_Summary.of.stats_Random.Group.Allocation.csv",23,0.000161459099118351
"897","perm_905_Summary.of.stats_Random.Group.Allocation.csv",15,0.000369756144557267
"898","perm_906_Summary.of.stats_Random.Group.Allocation.csv",20,0.000488153697223328
"899","perm_907_Summary.of.stats_Random.Group.Allocation.csv",25,0.000107447875291921
"900","perm_908_Summary.of.stats_Random.Group.Allocation.csv",17,0.000551966628673569
"901","perm_909_Summary.of.stats_Random.Group.Allocation.csv",27,0.000829257624213813
"902","perm_91_Summary.of.stats_Random.Group.Allocation.csv",22,0.000329097570662121
"903","perm_910_Summary.of.stats_Random.Group.Allocation.csv",26,0.000216004305185138
"904","perm_911_Summary.of.stats_Random.Group.Allocation.csv",22,0.000172469296906335
"905","perm_912_Summary.of.stats_Random.Group.Allocation.csv",26,6.44961486352148e-07
"906","perm_913_Summary.of.stats_Random.Group.Allocation.csv",19,0.00130076194200868
"907","perm_914_Summary.of.stats_Random.Group.Allocation.csv",25,0.000983015418777813
"908","perm_915_Summary.of.stats_Random.Group.Allocation.csv",26,8.74694587984548e-05
"909","perm_916_Summary.of.stats_Random.Group.Allocation.csv",24,6.16808159331956e-07
"910","perm_917_Summary.of.stats_Random.Group.Allocation.csv",20,0.00117784762300846
"911","perm_918_Summary.of.stats_Random.Group.Allocation.csv",29,9.1494195546583e-06
"912","perm_919_Summary.of.stats_Random.Group.Allocation.csv",27,0.000112978140458517
"913","perm_92_Summary.of.stats_Random.Group.Allocation.csv",22,0.00112668301780295
"914","perm_920_Summary.of.stats_Random.Group.Allocation.csv",14,0.000786438195128965
"915","perm_921_Summary.of.stats_Random.Group.Allocation.csv",24,0.000484914335985618
"916","perm_922_Summary.of.stats_Random.Group.Allocation.csv",33,6.58576383041022e-05
"917","perm_923_Summary.of.stats_Random.Group.Allocation.csv",19,0.000157625740569813
"918","perm_924_Summary.of.stats_Random.Group.Allocation.csv",12,0.00244684490971021
"919","perm_925_Summary.of.stats_Random.Group.Allocation.csv",14,0.000979475181584937
"920","perm_926_Summary.of.stats_Random.Group.Allocation.csv",23,0.00495565873952896
"921","perm_927_Summary.of.stats_Random.Group.Allocation.csv",21,0.000641644449989152
"922","perm_928_Summary.of.stats_Random.Group.Allocation.csv",12,0.00182592127897209
"923","perm_929_Summary.of.stats_Random.Group.Allocation.csv",28,0.00271622171729452
"924","perm_93_Summary.of.stats_Random.Group.Allocation.csv",14,0.00245305861162495
"925","perm_930_Summary.of.stats_Random.Group.Allocation.csv",31,0.000979972964394647
"926","perm_931_Summary.of.stats_Random.Group.Allocation.csv",22,1.44387709109525e-05
"927","perm_932_Summary.of.stats_Random.Group.Allocation.csv",30,0.000438732372030961
"928","perm_933_Summary.of.stats_Random.Group.Allocation.csv",21,0.000554143211218634
"929","perm_934_Summary.of.stats_Random.Group.Allocation.csv",28,7.61369714284128e-06
"930","perm_935_Summary.of.stats_Random.Group.Allocation.csv",25,0.000644863091364675
"931","perm_936_Summary.of.stats_Random.Group.Allocation.csv",7,0.00237211733176458
"932","perm_937_Summary.of.stats_Random.Group.Allocation.csv",18,0.00178502992064558
"933","perm_938_Summary.of.stats_Random.Group.Allocation.csv",15,0.00137878112942946
"934","perm_939_Summary.of.stats_Random.Group.Allocation.csv",12,4.69719027224546e-05
"935","perm_94_Summary.of.stats_Random.Group.Allocation.csv",31,0.000111083994899392
"936","perm_940_Summary.of.stats_Random.Group.Allocation.csv",18,0.0029762488409589
"937","perm_941_Summary.of.stats_Random.Group.Allocation.csv",20,0.000231994017166463
"938","perm_942_Summary.of.stats_Random.Group.Allocation.csv",25,0.000651145444284935
"939","perm_943_Summary.of.stats_Random.Group.Allocation.csv",16,2.63338674551619e-05
"940","perm_944_Summary.of.stats_Random.Group.Allocation.csv",25,0.000379093943242798
"941","perm_945_Summary.of.stats_Random.Group.Allocation.csv",23,5.47007292386523e-06
"942","perm_946_Summary.of.stats_Random.Group.Allocation.csv",24,0.000327078561707556
"943","perm_947_Summary.of.stats_Random.Group.Allocation.csv",23,4.81190450010914e-05
"944","perm_948_Summary.of.stats_Random.Group.Allocation.csv",12,0.0104505577036947
"945","perm_949_Summary.of.stats_Random.Group.Allocation.csv",23,0.000882914967534452
"946","perm_95_Summary.of.stats_Random.Group.Allocation.csv",15,0.000921678567159763
"947","perm_950_Summary.of.stats_Random.Group.Allocation.csv",25,2.87368668027979e-05
"948","perm_951_Summary.of.stats_Random.Group.Allocation.csv",21,0.000730000730982847
"949","perm_952_Summary.of.stats_Random.Group.Allocation.csv",31,1.8529781222682e-05
"950","perm_953_Summary.of.stats_Random.Group.Allocation.csv",29,7.52626107808942e-05
"951","perm_954_Summary.of.stats_Random.Group.Allocation.csv",25,0.000882914967534452
"952","perm_955_Summary.of.stats_Random.Group.Allocation.csv",26,8.2939553509947e-05
"953","perm_956_Summary.of.stats_Random.Group.Allocation.csv",18,0.000465525496029519
"954","perm_957_Summary.of.stats_Random.Group.Allocation.csv",33,0.000208307364318392
"955","perm_958_Summary.of.stats_Random.Group.Allocation.csv",18,0.00110137080052211
"956","perm_959_Summary.of.stats_Random.Group.Allocation.csv",18,0.000169214239503952
"957","perm_96_Summary.of.stats_Random.Group.Allocation.csv",18,0.00159960094223488
"958","perm_960_Summary.of.stats_Random.Group.Allocation.csv",31,2.11415148697424e-06
"959","perm_961_Summary.of.stats_Random.Group.Allocation.csv",23,0.000123253265218574
"960","perm_962_Summary.of.stats_Random.Group.Allocation.csv",22,0.000381507050039881
"961","perm_963_Summary.of.stats_Random.Group.Allocation.csv",17,0.000641558159082688
"962","perm_964_Summary.of.stats_Random.Group.Allocation.csv",15,0.000592776570272834
"963","perm_965_Summary.of.stats_Random.Group.Allocation.csv",13,0.00436134097973778
"964","perm_966_Summary.of.stats_Random.Group.Allocation.csv",26,0.00148220527824254
"965","perm_967_Summary.of.stats_Random.Group.Allocation.csv",29,0.00348071270186828
"966","perm_968_Summary.of.stats_Random.Group.Allocation.csv",25,0.000179807546574375
"967","perm_969_Summary.of.stats_Random.Group.Allocation.csv",29,0.000673675323425414
"968","perm_97_Summary.of.stats_Random.Group.Allocation.csv",21,0.000665891040867721
"969","perm_970_Summary.of.stats_Random.Group.Allocation.csv",18,0.00067892520578527
"970","perm_971_Summary.of.stats_Random.Group.Allocation.csv",23,0.000395204454080156
"971","perm_972_Summary.of.stats_Random.Group.Allocation.csv",24,0.000308709535918582
"972","perm_973_Summary.of.stats_Random.Group.Allocation.csv",22,0.000223205740370854
"973","perm_974_Summary.of.stats_Random.Group.Allocation.csv",27,0.000544275808154077
"974","perm_975_Summary.of.stats_Random.Group.Allocation.csv",22,8.70522117055605e-05
"975","perm_976_Summary.of.stats_Random.Group.Allocation.csv",20,0.00383738283115892
"976","perm_977_Summary.of.stats_Random.Group.Allocation.csv",16,0.000184703908393753
"977","perm_978_Summary.of.stats_Random.Group.Allocation.csv",19,0.000361633887551138
"978","perm_979_Summary.of.stats_Random.Group.Allocation.csv",21,0.000492871413296585
"979","perm_98_Summary.of.stats_Random.Group.Allocation.csv",23,0.000157625740569813
"980","perm_980_Summary.of.stats_Random.Group.Allocation.csv",26,1.05441837007411e-05
"981","perm_981_Summary.of.stats_Random.Group.Allocation.csv",15,0.000527877808450694
"982","perm_982_Summary.of.stats_Random.Group.Allocation.csv",22,4.78766310239183e-05
"983","perm_983_Summary.of.stats_Random.Group.Allocation.csv",15,0.00219298885532533
"984","perm_984_Summary.of.stats_Random.Group.Allocation.csv",30,0.00145116213121836
"985","perm_985_Summary.of.stats_Random.Group.Allocation.csv",22,0.000106068316024076
"986","perm_986_Summary.of.stats_Random.Group.Allocation.csv",23,0.00162742494790167
"987","perm_987_Summary.of.stats_Random.Group.Allocation.csv",17,4.35672244083719e-07
"988","perm_988_Summary.of.stats_Random.Group.Allocation.csv",26,0.000206027660305362
"989","perm_989_Summary.of.stats_Random.Group.Allocation.csv",14,0.00197846656221391
"990","perm_99_Summary.of.stats_Random.Group.Allocation.csv",23,0.0003011811244107
"991","perm_990_Summary.of.stats_Random.Group.Allocation.csv",12,0.00137779023339041
"992","perm_991_Summary.of.stats_Random.Group.Allocation.csv",18,0.00216108952782647
"993","perm_992_Summary.of.stats_Random.Group.Allocation.csv",20,0.000913793392909638
"994","perm_993_Summary.of.stats_Random.Group.Allocation.csv",18,0.00087264407121411
"995","perm_994_Summary.of.stats_Random.Group.Allocation.csv",19,0.00149276303814473
"996","perm_995_Summary.of.stats_Random.Group.Allocation.csv",24,4.21804375592125e-05
"997","perm_996_Summary.of.stats_Random.Group.Allocation.csv",23,0.00658800706619618
"998","perm_997_Summary.of.stats_Random.Group.Allocation.csv",17,0.00233942513348339
"999","perm_998_Summary.of.stats_Random.Group.Allocation.csv",15,0.00135634848465503
"1000","perm_999_Summary.of.stats_Random.Group.Allocation.csv",23,0.000176189184801162
